row_id,source,date,anger_score,anticipation_score,disgust_score,fear_score,joy_score,sadness_score,trust_score,native_polarity
alq_1,Alqueva,2025-08-05,0.11258278145695363,0.1920529801324503,0.09271523178807949,0.13245033112582782,0.06622516556291391,0.13245033112582782,0.2317880794701987,-0.015748031496062992
alq_2,Alqueva,2018-02-08,0,0.42424242424242425,0,0.06060606060606061,0.12121212121212122,0.0303030303030303,0.30303030303030304,0.013289036544850499
alq_3,Alqueva,2018-02-08,0.02083333333333333,0.3333333333333333,0.02083333333333333,0.0625,0.125,0.04166666666666666,0.3333333333333333,0.020887728459530026
alq_4,Alqueva,2018-02-08,0.1,0.3,0.1,0.025,0.125,0.025,0.275,0.019417475728155338
alq_5,Alqueva,2018-02-10,0,0,0,0,0,0,0,NA
alq_6,Alqueva,2018-02-26,0.05405405405405406,0.32432432432432434,0,0.13513513513513514,0.08108108108108109,0.10810810810810811,0.2702702702702703,0.003194888178913738
alq_7,Alqueva,2018-02-26,0.02439024390243902,0.2682926829268293,0.04878048780487805,0.07317073170731707,0.07317073170731707,0.04878048780487805,0.3902439024390244,0
alq_8,Alqueva,2018-02-26,0.1206896551724138,0.20689655172413793,0.13793103448275862,0.05172413793103448,0.10344827586206896,0.03448275862068965,0.29310344827586204,0.002232142857142857
alq_9,Alqueva,2018-02-26,0.13333333333333333,0.26666666666666666,0.08888888888888889,0.1111111111111111,0.08888888888888889,0.08888888888888889,0.2,0.006006006006006006
alq_10,Alqueva,2018-02-26,0.05555555555555555,0.3055555555555556,0,0.1388888888888889,0.05555555555555555,0.1388888888888889,0.2777777777777778,0.005361930294906166
alq_11,Alqueva,2018-02-26,0.02631578947368421,0.2631578947368421,0.05263157894736842,0.07894736842105263,0.05263157894736842,0.05263157894736842,0.3947368421052632,0.011547344110854504
alq_12,Alqueva,2018-02-26,0.0588235294117647,0.3235294117647059,0,0.14705882352941177,0.0588235294117647,0.1176470588235294,0.2647058823529412,0.009230769230769232
alq_13,Alqueva,2018-02-26,0.0588235294117647,0.3235294117647059,0,0.14705882352941177,0.0588235294117647,0.1176470588235294,0.2647058823529412,0.008450704225352112
alq_14,Alqueva,2025-07-28,0.05,0.2,0,0.075,0.075,0.075,0.525,-0.003367003367003367
alq_15,Alqueva,2018-05-16,0.05,0.23333333333333336,0.04166666666666666,0.11666666666666668,0.1,0.05,0.35,0.008130081300813009
alq_16,Alqueva,2018-06-07,0.06578947368421052,0.21052631578947367,0.02631578947368421,0.10526315789473684,0.17105263157894737,0.05263157894736842,0.27631578947368424,0.027439024390243903
alq_17,Alqueva,2025-07-24,0,0.09090909090909093,0,0.2727272727272727,0.09090909090909093,0,0.5454545454545454,0.028169014084507043
alq_18,Alqueva,2025-07-24,0.04054054054054054,0.25675675675675674,0.02702702702702703,0.08108108108108109,0.10810810810810811,0.04054054054054054,0.40540540540540543,-0.0196078431372549
alq_19,Alqueva,2025-07-23,0.05902777777777777,0.2361111111111111,0.05555555555555555,0.0798611111111111,0.09375,0.10069444444444443,0.3194444444444444,-0.010466222645099905
alq_20,Alqueva,2018-09-02,0.06372549019607843,0.2647058823529412,0.02941176470588235,0.07352941176470588,0.1323529411764706,0.0784313725490196,0.28431372549019607,0.01005656819610308
alq_21,Alqueva,2018-11-16,0.12658227848101267,0.10126582278481013,0.0759493670886076,0.20253164556962025,0.06329113924050633,0.21518987341772153,0.20253164556962025,-0.012422360248447204
alq_22,Alqueva,2025-07-16,0,0,0,0,0,0,0,NA
alq_23,Alqueva,2019-01-23,0,0,0,0,0,0,0,NA
alq_24,Alqueva,2019-01-23,0.1020408163265306,0.3469387755102041,0,0.14285714285714285,0.1020408163265306,0,0.2857142857142857,0.0676056338028169
alq_25,Alqueva,2019-02-11,0,0.4,0,0.2,0,0,0.4,0.031446540880503145
alq_26,Alqueva,2019-06-07,0,0.25396825396825395,0.01587301587301587,0.1746031746031746,0.03174603174603174,0,0.47619047619047616,0.007142857142857143
alq_27,Alqueva,2019-06-07,0,0.2542372881355932,0.01694915254237288,0.15254237288135594,0.03389830508474576,0,0.4915254237288136,0.007334963325183374
alq_28,Alqueva,2019-06-09,0.02631578947368421,0.3157894736842105,0.05263157894736842,0.10526315789473684,0.10526315789473684,0.02631578947368421,0.34210526315789475,0.017467248908296942
alq_29,Alqueva,2019-06-09,0.02777777777777777,0.2777777777777778,0.05555555555555555,0.1111111111111111,0.08333333333333333,0.02777777777777777,0.3333333333333333,0.02247191011235955
alq_30,Alqueva,2019-06-17,0.06578947368421052,0.23684210526315788,0.0131578947368421,0.23684210526315788,0.07894736842105263,0.15789473684210523,0.15789473684210523,0.037383177570093455
alq_31,Alqueva,2019-06-27,0.0196078431372549,0.17647058823529413,0.0196078431372549,0.1568627450980392,0.1568627450980392,0.0196078431372549,0.43137254901960786,0.03651685393258427
alq_32,Alqueva,2019-06-27,0.02272727272727272,0.2272727272727273,0.02272727272727272,0.18181818181818185,0.13636363636363635,0.02272727272727272,0.3636363636363637,0.024734982332155476
alq_33,Alqueva,2019-10-22,0,0.34146341463414637,0,0.0975609756097561,0.14634146341463414,0,0.34146341463414637,0.012048192771084338
alq_34,Alqueva,2019-10-22,0,0.32558139534883723,0,0.09302325581395347,0.13953488372093023,0,0.3720930232558139,0.004357298474945534
alq_35,Alqueva,2019-10-22,0.07017543859649122,0.2807017543859649,0.03508771929824561,0.14035087719298245,0.10526315789473684,0.07017543859649122,0.24561403508771928,0.005309734513274336
alq_36,Alqueva,2019-10-22,0,0.325,0,0.1,0.15,0,0.35,0.012077294685990338
alq_37,Alqueva,2019-10-22,0.10344827586206896,0.25862068965517243,0.10344827586206896,0.06896551724137931,0.15517241379310345,0,0.25862068965517243,0.01126126126126126
alq_38,Alqueva,2019-10-22,0,0.34146341463414637,0,0.0975609756097561,0.14634146341463414,0,0.34146341463414637,0.010964912280701754
alq_39,Alqueva,2019-11-24,0.025,0.2,0.05,0.2,0.125,0.125,0.25,0
alq_40,Alqueva,2019-12-20,0.17391304347826086,0.13043478260869565,0.13043478260869565,0.13043478260869565,0.04347826086956521,0.17391304347826086,0.21739130434782608,-0.044444444444444446
alq_41,Alqueva,2019-12-28,0.0392156862745098,0.1176470588235294,0.0392156862745098,0.12745098039215683,0.08823529411764706,0.06862745098039216,0.5098039215686274,0.012235817575083427
alq_42,Alqueva,2025-05-20,0.13114754098360656,0.16393442622950818,0.06557377049180328,0.14754098360655735,0.06557377049180328,0.14754098360655735,0.22950819672131148,-0.002583979328165375
alq_43,Alqueva,2025-05-14,0.08035714285714286,0.1875,0.08928571428571429,0.07142857142857142,0.11607142857142858,0.05357142857142857,0.38392857142857145,0.034530386740331494
alq_44,Alqueva,2025-05-12,0.03846153846153846,0.2115384615384615,0.01923076923076923,0.14423076923076922,0.08653846153846154,0.0673076923076923,0.3076923076923077,0.002369668246445498
alq_45,Alqueva,2025-05-10,0.05489260143198091,0.20047732696897377,0.05727923627684964,0.162291169451074,0.05489260143198091,0.10739856801909307,0.2911694510739857,-0.0030840400925212026
alq_46,Alqueva,2025-05-02,0.01734104046242774,0.2543352601156069,0.02890173410404624,0.1213872832369942,0.09826589595375725,0.06358381502890173,0.3930635838150289,-0.012589928057553957
alq_47,Alqueva,2025-05-02,0,0.2,0,0,0.2,0,0.5,0.015873015873015872
alq_48,Alqueva,2025-04-30,0.05699481865284974,0.29015544041450775,0.03626943005181347,0.13989637305699482,0.0466321243523316,0.15025906735751296,0.2020725388601036,0.01049618320610687
alq_49,Alqueva,2025-04-29,0.04545454545454545,0.23232323232323232,0.07323232323232323,0.17424242424242423,0.0303030303030303,0.10353535353535354,0.2676767676767677,0.01282051282051282
alq_50,Alqueva,2025-04-08,0.03930131004366812,0.23580786026200873,0.04366812227074235,0.17903930131004367,0.07423580786026202,0.10480349344978164,0.2794759825327511,0.015942028985507246
alq_51,Alqueva,2025-04-03,0.08571428571428572,0.05714285714285714,0,0.08571428571428572,0.08571428571428572,0.34285714285714286,0.34285714285714286,-0.03825136612021858
alq_52,Alqueva,2025-04-03,0.03846153846153846,0.07692307692307693,0.03846153846153846,0.07692307692307693,0.07692307692307693,0.38461538461538464,0.3076923076923077,-0.041916167664670656
alq_53,Alqueva,2025-03-26,0.07692307692307693,0.2307692307692308,0.01282051282051282,0.19230769230769232,0.1153846153846154,0.08974358974358974,0.20512820512820512,-0.009592326139088728
alq_54,Alqueva,2025-03-26,0.08,0.22666666666666663,0.01333333333333333,0.18666666666666668,0.12,0.09333333333333334,0.2,-0.007334963325183374
alq_55,Alqueva,2025-03-25,0.03125,0.234375,0.046875,0.03125,0.171875,0.15625,0.296875,0.012254901960784314
alq_56,Alqueva,2025-03-25,0.06321839080459771,0.23563218390804597,0.05172413793103448,0.1264367816091954,0.13793103448275862,0.10344827586206896,0.20689655172413793,0.006956521739130435
alq_57,Alqueva,2025-03-21,0,0.14285714285714285,0,0,0.14285714285714285,0,0.7142857142857143,0.013888888888888888
alq_58,Alqueva,2025-03-20,0.03225806451612903,0.16129032258064516,0,0.06451612903225806,0.0967741935483871,0.06451612903225806,0.4838709677419355,-0.018115942028985508
alq_59,Alqueva,2025-03-14,0,0.1111111111111111,0,0,0.1111111111111111,0,0.7777777777777778,0.013513513513513514
alq_60,Alqueva,2025-03-13,0.0588235294117647,0.17647058823529413,0,0.17647058823529413,0.09803921568627452,0.09803921568627452,0.392156862745098,0.026578073089700997
alq_61,Alqueva,2025-03-13,0.0547945205479452,0.2328767123287671,0.0136986301369863,0.1643835616438356,0.0958904109589041,0.0684931506849315,0.3561643835616438,0.028350515463917526
alq_62,Alqueva,2025-03-13,0.03846153846153846,0.2115384615384615,0,0.15384615384615383,0.09615384615384616,0.07692307692307693,0.40384615384615385,0.02476780185758514
alq_63,Alqueva,2025-03-13,0.04081632653061224,0.1836734693877551,0,0.1836734693877551,0.1020408163265306,0.08163265306122448,0.40816326530612246,0.021671826625386997
alq_64,Alqueva,2025-03-13,0.08196721311475409,0.14754098360655735,0.01639344262295082,0.22950819672131148,0.08196721311475409,0.11475409836065574,0.32786885245901637,0.020202020202020204
alq_65,Alqueva,2025-03-06,0.02631578947368421,0.13157894736842105,0,0.05263157894736842,0.10526315789473684,0.05263157894736842,0.5,-0.0056179775280898875
alq_66,Alqueva,2025-03-06,0.02631578947368421,0.13157894736842105,0,0.05263157894736842,0.10526315789473684,0.05263157894736842,0.5,-0.0056657223796034
alq_67,Alqueva,2025-03-04,0.09333333333333334,0.26666666666666666,0.04,0.09333333333333334,0.05333333333333334,0.06666666666666667,0.37333333333333335,0.026027397260273973
alq_68,Alqueva,2025-02-17,0,0.2222222222222222,0,0.1388888888888889,0.1388888888888889,0,0.3888888888888889,0.012084592145015106
alq_69,Alqueva,2025-02-17,0,0.2222222222222222,0,0.08333333333333333,0.1111111111111111,0,0.5,0.01056338028169014
alq_70,Alqueva,2025-02-17,0,0.2222222222222222,0,0.16666666666666666,0.1111111111111111,0,0.4166666666666667,0.009523809523809525
alq_71,Alqueva,2025-02-17,0,0.2619047619047619,0,0.11904761904761904,0.14285714285714285,0,0.4047619047619048,0.025210084033613446
alq_72,Alqueva,2025-02-17,0,0.2058823529411765,0,0.14705882352941177,0.1176470588235294,0,0.4411764705882353,0.010526315789473684
alq_73,Alqueva,2025-02-02,0.07579462102689487,0.1882640586797066,0.02200488997555012,0.1466992665036675,0.13202933985330073,0.09535452322738386,0.27383863080684595,0.02252816020025031
alq_74,Alqueva,2025-01-18,0.07579462102689487,0.1882640586797066,0.02200488997555012,0.1466992665036675,0.13202933985330073,0.09535452322738386,0.27383863080684595,0.02252816020025031
alq_75,Alqueva,2025-01-16,0.06779661016949153,0.1864406779661017,0.05084745762711865,0.08898305084745763,0.13983050847457626,0.07203389830508475,0.3474576271186441,0.03937653814602133
alq_76,Alqueva,2025-01-10,0.05084745762711865,0.3050847457627119,0.05084745762711865,0.06779661016949153,0.1016949152542373,0.03389830508474576,0.3220338983050847,0.024054982817869417
alq_77,Alqueva,2025-01-10,0.04838709677419355,0.2903225806451613,0.04838709677419355,0.08064516129032258,0.0967741935483871,0.04838709677419355,0.3225806451612903,0.02287581699346405
alq_78,Alqueva,2025-01-09,0,0,0,0,0,0,0,NA
alq_79,Alqueva,2025-01-09,0,0,0,0,0,0,0,NA
alq_80,Alqueva,2022-02-01,0.01785714285714285,0.30357142857142855,0,0.17857142857142858,0.07142857142857142,0.03571428571428571,0.30357142857142855,-0.04175365344467641
alq_81,Alqueva,2022-02-01,0.05660377358490566,0.22641509433962265,0.05660377358490566,0.11320754716981132,0.09433962264150944,0.1509433962264151,0.2830188679245283,-0.015424164524421594
alq_82,Alqueva,2022-02-01,0.0588235294117647,0.2352941176470588,0,0.14705882352941177,0,0.2058823529411765,0.2647058823529412,0.008086253369272238
alq_83,Alqueva,2022-02-02,0.077709611451942745,0.19427402862985685,0.05316973415132924,0.15132924335378323,0.08997955010224949,0.10633946830265847,0.2903885480572597,0.02062481043372763
alq_84,Alqueva,2022-02-03,0.02083333333333333,0.2708333333333333,0.02083333333333333,0.10416666666666669,0.08333333333333333,0.0625,0.4166666666666667,0.015873015873015872
alq_85,Alqueva,2022-02-03,0.01724137931034482,0.29310344827586204,0.01724137931034482,0.08620689655172414,0.10344827586206896,0.05172413793103448,0.41379310344827586,0.025440313111545987
alq_86,Alqueva,2022-02-03,0.13043478260869565,0.1422924901185771,0.08695652173913043,0.09486166007905138,0.1225296442687747,0.08300395256916997,0.31620553359683795,0.009844134536505332
alq_87,Alqueva,2022-02-03,0.02222222222222222,0.26666666666666666,0.02222222222222222,0.1111111111111111,0.08888888888888889,0.06666666666666667,0.4,0.013513513513513514
alq_88,Alqueva,2022-02-03,0.02040816326530612,0.2857142857142857,0.02040816326530612,0.1020408163265306,0.1020408163265306,0.06122448979591836,0.3877551020408163,0.02066115702479339
alq_89,Alqueva,2022-02-03,0.02083333333333333,0.2708333333333333,0.02083333333333333,0.10416666666666669,0.08333333333333333,0.0625,0.4166666666666667,0.012738853503184714
alq_90,Alqueva,2022-02-03,0.05769230769230769,0.2692307692307692,0.01923076923076923,0.09615384615384616,0.09615384615384616,0.09615384615384616,0.34615384615384615,0.012
alq_91,Alqueva,2022-02-10,0.10294117647058824,0.16176470588235295,0.03676470588235294,0.17647058823529413,0.1176470588235294,0.125,0.2352941176470588,-0.009497964721845319
alq_92,Alqueva,2022-02-17,0.0588235294117647,0.27450980392156865,0.0588235294117647,0.0784313725490196,0.0392156862745098,0.0784313725490196,0.392156862745098,-0.0117096018735363
alq_93,Alqueva,2022-02-22,0.01851851851851851,0.18518518518518515,0.03703703703703703,0.1111111111111111,0.12962962962962962,0.0925925925925926,0.35185185185185186,0.0022371364653243847
alq_94,Alqueva,2022-02-27,0.02150537634408602,0.26881720430107525,0.03225806451612903,0.16129032258064516,0.10752688172043012,0.07526881720430108,0.3225806451612903,0.011904761904761904
alq_95,Alqueva,2022-03-11,0.10465116279069768,0.2209302325581395,0.03488372093023256,0.13953488372093023,0.1511627906976744,0.06976744186046512,0.23255813953488372,0.016897081413210446
alq_96,Alqueva,2022-03-11,0.0625,0.2708333333333333,0,0.14583333333333334,0.16666666666666666,0.0625,0.20833333333333337,0.0189873417721519
alq_97,Alqueva,2022-03-11,0.11688311688311688,0.2077922077922078,0.03896103896103896,0.15584415584415584,0.12987012987012986,0.07792207792207792,0.24675324675324675,0.01020408163265306
alq_98,Alqueva,2024-12-22,0.11688311688311688,0.2077922077922078,0.03896103896103896,0.15584415584415584,0.12987012987012986,0.07792207792207792,0.24675324675324675,0.01020408163265306
alq_99,Alqueva,2022-03-27,0.12048192771084336,0.1927710843373494,0.01204819277108433,0.1927710843373494,0.10843373493975904,0.1566265060240964,0.14457831325301204,0.015915119363395226
alq_100,Alqueva,2024-12-18,0.13114754098360656,0.2786885245901639,0.04918032786885246,0.19672131147540983,0.04918032786885246,0.09836065573770492,0.18032786885245905,0.01893939393939394
alq_101,Alqueva,2022-04-07,0.0303030303030303,0.3333333333333333,0.09090909090909093,0.15151515151515152,0,0.09090909090909093,0.24242424242424243,0.016611295681063124
alq_102,Alqueva,2022-04-09,0.06896551724137931,0.1724137931034483,0.03448275862068965,0.10344827586206896,0.06896551724137931,0.03448275862068965,0.41379310344827586,0.05913978494623656
alq_103,Alqueva,2022-04-12,0.02777777777777777,0.25,0.06481481481481481,0.12962962962962962,0.0925925925925926,0.1111111111111111,0.2777777777777778,-0.0098159509202454
alq_104,Alqueva,2024-11-29,0.06,0.22,0.03,0.07,0.09,0.11,0.38,0.01576182136602452
alq_105,Alqueva,2024-11-29,0.0588235294117647,0.21568627450980393,0.02941176470588235,0.06862745098039216,0.08823529411764706,0.10784313725490197,0.392156862745098,0.015477214101461736
alq_106,Alqueva,2024-11-25,0.13333333333333333,0.26666666666666666,0.13333333333333333,0.13333333333333333,0.06666666666666667,0.13333333333333333,0.13333333333333333,0.01098901098901099
alq_107,Alqueva,2024-11-25,0.13333333333333333,0.14166666666666666,0.06666666666666667,0.21666666666666667,0.05,0.11666666666666668,0.25833333333333336,0.0037593984962406013
alq_108,Alqueva,2024-11-25,0,0.4444444444444444,0,0.05555555555555555,0.05555555555555555,0,0.4444444444444444,0.022222222222222223
alq_109,Alqueva,2024-11-18,0.03370786516853932,0.3258426966292135,0.02247191011235955,0.15730337078651685,0.10112359550561796,0.0449438202247191,0.2808988764044944,0.019886363636363636
alq_110,Alqueva,2020-06-10,0.08620689655172414,0.13793103448275862,0.06896551724137931,0.06896551724137931,0.13793103448275862,0.1206896551724138,0.3793103448275862,0.003215434083601286
alq_111,Alqueva,2020-06-21,0.13978494623655913,0.13261648745519714,0.08243727598566308,0.1111111111111111,0.11469534050179211,0.1003584229390681,0.2903225806451613,0.011393514460999123
alq_112,Alqueva,2020-06-21,0.06493506493506493,0.2077922077922078,0.03896103896103896,0.12987012987012986,0.09090909090909093,0.12987012987012986,0.2857142857142857,0.01907356948228883
alq_113,Alqueva,2020-06-21,0.07407407407407407,0.19753086419753085,0.03703703703703703,0.14814814814814814,0.08641975308641975,0.13580246913580246,0.2716049382716049,0.02072538860103627
alq_114,Alqueva,2020-06-21,0.08695652173913043,0.17391304347826086,0.0217391304347826,0.16304347826086957,0.08695652173913043,0.11956521739130437,0.30434782608695654,0.021447721179624665
alq_115,Alqueva,2020-06-21,0.08641975308641975,0.18518518518518515,0.02469135802469135,0.1728395061728395,0.08641975308641975,0.12345679012345678,0.2839506172839506,0.019753086419753086
alq_116,Alqueva,2020-06-21,0.07894736842105263,0.18421052631578944,0.02631578947368421,0.17105263157894737,0.07894736842105263,0.13157894736842105,0.2894736842105263,0.021164021164021163
alq_117,Alqueva,2020-06-21,0.06493506493506493,0.2077922077922078,0.03896103896103896,0.12987012987012986,0.09090909090909093,0.12987012987012986,0.2857142857142857,0.01912568306010929
alq_118,Alqueva,2020-07-14,0.05970149253731343,0.2537313432835821,0,0.16417910447761194,0.13432835820895522,0.16417910447761194,0.208955223880597,0.04719101123595506
alq_119,Alqueva,2020-08-11,0.111731843575419,0.12290502793296088,0.06145251396648044,0.25139664804469275,0.07262569832402235,0.1564245810055866,0.16201117318435754,-0.010130246020260492
alq_120,Alqueva,2024-11-08,0.12195121951219512,0.24390243902439024,0.04878048780487805,0.14634146341463414,0.04878048780487805,0.07317073170731707,0.2682926829268293,0.018072289156626505
alq_121,Alqueva,2021-11-24,0.05714285714285714,0.3857142857142858,0.08571428571428572,0.15714285714285714,0.07142857142857142,0.07142857142857142,0.14285714285714285,0.0171990171990172
alq_122,Alqueva,2021-11-24,0,0.3076923076923077,0,0.1153846153846154,0.07692307692307693,0.03846153846153846,0.4230769230769231,0.010135135135135136
alq_123,Alqueva,2021-11-24,0,0.3055555555555556,0,0.16666666666666666,0.08333333333333333,0.05555555555555555,0.3611111111111111,0.01662049861495845
alq_124,Alqueva,2021-11-24,0,0.3076923076923077,0,0.1153846153846154,0.07692307692307693,0.03846153846153846,0.4230769230769231,0.010869565217391304
alq_125,Alqueva,2021-11-24,0,0.3055555555555556,0,0.19444444444444445,0.05555555555555555,0.02777777777777777,0.3888888888888889,0.014492753623188406
alq_126,Alqueva,2021-11-25,0,0,0,0,0,0,0,NA
alq_127,Alqueva,2021-11-25,0.03125,0.28125,0.0625,0.0625,0.1875,0.09375,0.25,0.034482758620689655
alq_128,Alqueva,2021-11-26,0,0.40540540540540543,0,0.13513513513513514,0.02702702702702703,0.05405405405405406,0.35135135135135137,0.008108108108108109
alq_129,Alqueva,2021-11-26,0,0.4615384615384616,0,0.10256410256410256,0.07692307692307693,0.05128205128205128,0.2564102564102564,0.007518796992481203
alq_130,Alqueva,2021-11-26,0.04878048780487805,0.3902439024390244,0,0.0975609756097561,0.07317073170731707,0.0975609756097561,0.2682926829268293,0.010845986984815618
alq_131,Alqueva,2021-11-26,0,0.4615384615384616,0,0.10256410256410256,0.07692307692307693,0.05128205128205128,0.2564102564102564,0.007518796992481203
alq_132,Alqueva,2021-11-26,0,0.375,0,0.125,0.05,0.05,0.375,0.0047169811320754715
alq_133,Alqueva,2021-11-26,0,0.3783783783783784,0,0.13513513513513514,0.02702702702702703,0.05405405405405406,0.3783783783783784,0.007462686567164179
alq_134,Alqueva,2024-11-04,0.0847457627118644,0.22033898305084745,0.06779661016949153,0.19491525423728817,0.06779661016949153,0.0847457627118644,0.2542372881355932,0.014553014553014554
alq_135,Alqueva,2021-12-10,0.05454545454545454,0.2727272727272727,0,0.03636363636363636,0.14545454545454545,0.05454545454545454,0.4,0.012690355329949238
alq_136,Alqueva,2021-12-10,0,0.3023255813953488,0.02325581395348837,0.02325581395348837,0.13953488372093023,0,0.4186046511627907,0.020338983050847456
alq_137,Alqueva,2021-12-10,0,0.29545454545454547,0.02272727272727272,0.06818181818181818,0.13636363636363635,0,0.3863636363636363,0.024734982332155476
alq_138,Alqueva,2021-12-10,0,0.29545454545454547,0.02272727272727272,0.02272727272727272,0.13636363636363635,0,0.4318181818181818,0.026755852842809364
alq_139,Alqueva,2021-12-10,0,0.34,0,0.02,0.14,0,0.42,0.03857566765578635
alq_140,Alqueva,2021-12-10,0.02898550724637681,0.2898550724637681,0.0144927536231884,0.05797101449275362,0.17391304347826086,0.05797101449275362,0.3188405797101449,0.042071197411003236
alq_141,Alqueva,2021-12-18,0.0891089108910891,0.18811881188118812,0.0198019801980198,0.13861386138613865,0.099009900990099,0.0891089108910891,0.31683168316831684,-0.027227722772277228
alq_142,Alqueva,2024-10-31,0.14450867052023122,0.12716763005780346,0.1213872832369942,0.17341040462427745,0.05202312138728324,0.10404624277456648,0.27167630057803466,0.033444816053511704
alq_143,Alqueva,2024-10-30,0.145985401459854,0.13138686131386862,0.072992700729927,0.26277372262773724,0.0291970802919708,0.15328467153284672,0.17518248175182485,0.012987012987012988
alq_144,Alqueva,2024-10-30,0.1045751633986928,0.14705882352941177,0.1111111111111111,0.17320261437908496,0.04901960784313725,0.0915032679738562,0.3137254901960784,0.013878180416345412
alq_145,Alqueva,2024-10-30,0.09027777777777778,0.1111111111111111,0.0763888888888889,0.10416666666666669,0.1111111111111111,0.06944444444444445,0.4305555555555556,0.031484257871064465
alq_146,Alqueva,2024-10-29,0.0963855421686747,0.1686746987951807,0.07228915662650602,0.18072289156626503,0.06024096385542168,0.10843373493975904,0.27710843373493976,0.05089820359281437
alq_147,Alqueva,2024-10-29,0.12781954887218044,0.15037593984962405,0.13533834586466165,0.1804511278195489,0.05263157894736842,0.11278195488721804,0.24060150375939848,0.005928853754940711
alq_148,Alqueva,2024-10-29,0.14285714285714285,0.19387755102040816,0.08163265306122448,0.21428571428571427,0.06122448979591836,0.1326530612244898,0.17346938775510204,0.013054830287206266
alq_149,Alqueva,2024-10-29,0.1037344398340249,0.2074688796680498,0.1078838174273859,0.13278008298755187,0.04979253112033195,0.11618257261410787,0.24066390041493776,0.019393939393939394
alq_150,Alqueva,2024-10-29,0.09917355371900828,0.21487603305785125,0.15702479338842976,0.21487603305785125,0.04132231404958678,0.06611570247933884,0.1652892561983471,-0.0018867924528301887
alq_151,Alqueva,2024-10-29,0.09375,0.171875,0.140625,0.25,0.03125,0.125,0.1875,-0.015384615384615385
alq_152,Alqueva,2024-10-28,0.07142857142857142,0.125,0.10714285714285714,0.22321428571428573,0.04464285714285714,0.125,0.25892857142857145,-0.002398081534772182
alq_153,Alqueva,2024-10-28,0.1388888888888889,0.09027777777777778,0.13194444444444445,0.2222222222222222,0.04166666666666666,0.125,0.22916666666666663,0.02888086642599278
alq_154,Alqueva,2024-10-28,0.17592592592592593,0.08333333333333333,0.14814814814814814,0.19444444444444445,0.04629629629629629,0.12037037037037036,0.21296296296296297,0.0032679738562091504
alq_155,Alqueva,2024-10-28,0.0990990990990991,0.12612612612612611,0.09009009009009009,0.21621621621621623,0.04504504504504504,0.11711711711711711,0.26126126126126126,0.0025252525252525255
alq_156,Alqueva,2024-10-28,0.09565217391304348,0.13043478260869565,0.11304347826086956,0.20869565217391303,0.04347826086956521,0.1217391304347826,0.24347826086956523,-0.0070921985815602835
alq_157,Alqueva,2024-10-28,0.1328125,0.15625,0.0703125,0.2578125,0.03125,0.1328125,0.1875,0.011494252873563218
alq_158,Alqueva,2024-10-28,0.0990990990990991,0.12612612612612611,0.09009009009009009,0.21621621621621623,0.04504504504504504,0.11711711711711711,0.26126126126126126,0.002631578947368421
alq_159,Alqueva,2024-10-28,0.16666666666666666,0.1904761904761905,0.09523809523809525,0.21428571428571427,0.04761904761904761,0.11904761904761904,0.14285714285714285,0.013422818791946308
alq_160,Alqueva,2024-10-28,0.144,0.128,0.072,0.264,0.032,0.136,0.192,0.010964912280701754
alq_161,Alqueva,2024-10-28,0.13513513513513514,0.1891891891891892,0.10810810810810811,0.1891891891891892,0.05405405405405406,0.13513513513513514,0.16216216216216217,0.014184397163120567
alq_162,Alqueva,2024-10-28,0.10619469026548672,0.20353982300884957,0.07964601769911504,0.168141592920354,0.06194690265486725,0.09734513274336284,0.25663716814159293,0.010869565217391304
alq_163,Alqueva,2024-10-28,0.03333333333333333,0.2,0.1,0.1,0.1,0.03333333333333333,0.4,0.006896551724137931
alq_164,Alqueva,2024-10-28,0.1346153846153846,0.07692307692307693,0.09615384615384616,0.2115384615384615,0.03846153846153846,0.1153846153846154,0.3076923076923077,0.004672897196261682
alq_165,Alqueva,2024-10-28,0.16374269005847952,0.14035087719298245,0.14619883040935672,0.16374269005847952,0.06432748538011696,0.09941520467836255,0.21052631578947367,-0.00631911532385466
alq_166,Alqueva,2020-09-24,0.05555555555555555,0.24242424242424243,0.04040404040404041,0.10606060606060606,0.0707070707070707,0.04545454545454545,0.41414141414141414,0.012489592006661115
alq_167,Alqueva,2020-09-28,0.13274336283185842,0.1504424778761062,0.12389380530973453,0.13274336283185842,0.07964601769911504,0.1415929203539823,0.21238938053097345,0.011131725417439703
alq_168,Alqueva,2020-10-13,0.05681818181818181,0.20454545454545456,0.02272727272727272,0.1590909090909091,0.04545454545454545,0.18181818181818185,0.2727272727272727,0.009950248756218905
alq_169,Alqueva,2024-10-21,0.046875,0.15625,0.078125,0.125,0.078125,0.0625,0.390625,0.024489795918367346
alq_170,Alqueva,2024-10-21,0.05555555555555555,0.14814814814814814,0.05555555555555555,0.1111111111111111,0.07407407407407407,0.05555555555555555,0.4444444444444444,0.05157593123209169
alq_171,Alqueva,2020-10-22,0,0.2608695652173913,0,0.13043478260869565,0.17391304347826086,0.04347826086956521,0.391304347826087,-0.009615384615384616
alq_172,Alqueva,2020-10-22,0,0.25,0,0.125,0.16666666666666666,0.08333333333333333,0.375,-0.01812688821752266
alq_173,Alqueva,2020-10-22,0.06451612903225806,0.2258064516129032,0,0.0967741935483871,0.16129032258064516,0.12903225806451613,0.3225806451612903,-0.013368983957219251
alq_174,Alqueva,2020-10-28,0.03703703703703703,0.18518518518518515,0.03703703703703703,0.1111111111111111,0.18518518518518515,0.03703703703703703,0.4074074074074074,0.01606425702811245
alq_175,Alqueva,2024-10-02,0.06007067137809187,0.2226148409893993,0.01413427561837455,0.09187279151943464,0.0989399293286219,0.09187279151943464,0.38162544169611307,0.014312096029547553
alq_176,Alqueva,2024-09-27,0.02941176470588235,0.29411764705882354,0,0.02941176470588235,0.08823529411764706,0.1176470588235294,0.4411764705882353,0.011811023622047244
alq_177,Alqueva,2024-09-26,0.0625,0.21875,0,0.0625,0.125,0.0625,0.40625,0.028368794326241134
alq_178,Alqueva,2024-09-19,0.04854368932038835,0.1941747572815534,0.00970873786407766,0.06796116504854369,0.2524271844660194,0.02912621359223301,0.3300970873786408,0.023255813953488372
alq_179,Alqueva,2024-09-14,0.0946969696969697,0.1571969696969697,0.07765151515151515,0.125,0.11742424242424244,0.11174242424242424,0.2746212121212121,0.0103026400515132
alq_180,Alqueva,2021-10-03,0.03703703703703703,0.2962962962962963,0,0.07407407407407407,0.1111111111111111,0.03703703703703703,0.3333333333333333,0.025806451612903226
alq_181,Alqueva,2021-05-11,0.09090909090909093,0.3636363636363637,0,0,0.09090909090909093,0.09090909090909093,0.3636363636363637,0.02962962962962963
alq_182,Alqueva,2021-05-11,0.07692307692307693,0.3076923076923077,0,0,0.15384615384615383,0.07692307692307693,0.3076923076923077,0.022900763358778626
alq_183,Alqueva,2021-05-11,0.09090909090909093,0.3636363636363637,0,0,0.09090909090909093,0.09090909090909093,0.3636363636363637,0.027972027972027972
alq_184,Alqueva,2021-05-11,0.0625,0.1875,0,0.0625,0.125,0.0625,0.5,0.02830188679245283
alq_185,Alqueva,2021-05-16,0,0.2857142857142857,0.07142857142857142,0.07142857142857142,0.07142857142857142,0.14285714285714285,0.2857142857142857,0.018518518518518517
alq_186,Alqueva,2024-08-31,0.11688311688311688,0.150278293135436,0.04452690166975881,0.1799628942486085,0.06679035250463822,0.11317254174397032,0.2912801484230056,-0.0044444444444444444
alq_187,Alqueva,2021-06-16,0.04545454545454545,0.16666666666666666,0.02272727272727272,0.09090909090909093,0.08333333333333333,0.06060606060606061,0.4772727272727273,0.03171953255425709
alq_188,Alqueva,2021-07-05,0.08,0.22,0.02,0.04,0.16,0.04,0.38,0.03482587064676617
alq_189,Alqueva,2021-07-05,0.03448275862068965,0.2413793103448276,0,0,0.13793103448275862,0.03448275862068965,0.5517241379310345,0.02952029520295203
alq_190,Alqueva,2021-07-23,0,0,0,0,0,0,0,NA
alq_191,Alqueva,2021-02-09,0.05,0.325,0.05,0.1,0.15,0.05,0.15,0.03018867924528302
alq_192,Alqueva,2021-02-18,0.04504504504504504,0.24324324324324328,0.01801801801801801,0.08108108108108109,0.15315315315315314,0.0990990990990991,0.3333333333333333,0.001314060446780552
alq_193,Alqueva,2021-11-26,0,0.5,0,0.07142857142857142,0.03571428571428571,0,0.35714285714285715,0.01098901098901099
alq_194,Alqueva,2024-07-24,0.0967741935483871,0.1774193548387097,0.03225806451612903,0.08064516129032258,0.0967741935483871,0.1935483870967742,0.3064516129032258,0.017408123791102514
alq_195,Alqueva,2024-06-17,0,0.29411764705882354,0.0588235294117647,0.1176470588235294,0.1176470588235294,0,0.4117647058823529,0.02577319587628866
alq_196,Alqueva,2022-04-24,0.05263157894736842,0.2894736842105263,0.07894736842105263,0.15789473684210523,0.02631578947368421,0.07894736842105263,0.2631578947368421,0.014388489208633094
alq_197,Alqueva,2022-05-09,0.04,0.36,0,0.08,0.16,0.12,0.16,0
alq_198,Alqueva,2022-05-09,0,0.32432432432432434,0.02702702702702703,0.08108108108108109,0.13513513513513514,0.05405405405405406,0.2702702702702703,-0.004662004662004662
alq_199,Alqueva,2022-05-09,0.04,0.34,0.02,0.06,0.18,0.06,0.22,0.01182033096926714
alq_200,Alqueva,2022-05-09,0.04918032786885246,0.29508196721311475,0.01639344262295082,0.06557377049180328,0.21311475409836064,0.04918032786885246,0.2459016393442623,-0.00872093023255814
alq_201,Alqueva,2022-05-10,0.0784313725490196,0.3137254901960784,0.0196078431372549,0.0784313725490196,0.17647058823529413,0.0784313725490196,0.17647058823529413,0.01639344262295082
alq_202,Alqueva,2022-05-27,0.05172413793103448,0.2413793103448276,0.06896551724137931,0.05172413793103448,0.1206896551724138,0.03448275862068965,0.41379310344827586,0.0136986301369863
alq_203,Alqueva,2024-05-09,0.05673758865248227,0.1914893617021277,0.01418439716312056,0.1773049645390071,0.06382978723404255,0.07092198581560284,0.3262411347517731,0.008556149732620321
alq_204,Alqueva,2024-05-06,0.1,0.4,0,0,0.25,0,0.2,-0.010869565217391304
alq_205,Alqueva,2022-07-15,0.03225806451612903,0.3225806451612903,0.03225806451612903,0.12903225806451613,0.0967741935483871,0.0967741935483871,0.2258064516129032,0.021806853582554516
alq_206,Alqueva,2022-07-15,0.0588235294117647,0.35294117647058826,0,0.0588235294117647,0.0588235294117647,0,0.4705882352941176,0.060085836909871244
alq_207,Alqueva,2022-07-15,0,0.25,0.02777777777777777,0.08333333333333333,0.2222222222222222,0.02777777777777777,0.2777777777777778,0.0391304347826087
alq_208,Alqueva,2022-07-15,0,0.2413793103448276,0,0.10344827586206896,0.2413793103448276,0,0.3103448275862069,0.037815126050420166
alq_209,Alqueva,2022-07-15,0,0.125,0,0.1875,0.25,0,0.375,0.03816793893129771
alq_210,Alqueva,2022-07-15,0.04545454545454545,0.3863636363636363,0.02272727272727272,0.13636363636363635,0.09090909090909093,0.04545454545454545,0.20454545454545456,0.024630541871921183
alq_211,Alqueva,2022-07-15,0,0.2631578947368421,0.02631578947368421,0.10526315789473684,0.18421052631578944,0.02631578947368421,0.2894736842105263,0.039568345323741004
alq_212,Alqueva,2022-07-15,0,0.21621621621621623,0.02702702702702703,0.13513513513513514,0.21621621621621623,0.02702702702702703,0.2702702702702703,0.038461538461538464
alq_213,Alqueva,2022-07-15,0.04166666666666666,0.20833333333333337,0.02083333333333333,0.10416666666666669,0.20833333333333337,0.0625,0.2708333333333333,0.02711864406779661
alq_214,Alqueva,2022-07-15,0,0.18518518518518515,0.03703703703703703,0.14814814814814814,0.2222222222222222,0.03703703703703703,0.2962962962962963,0.075
alq_215,Alqueva,2022-07-15,0,0.27586206896551724,0,0.10344827586206896,0.20689655172413793,0,0.3103448275862069,0.04119850187265917
alq_216,Alqueva,2022-07-15,0.01666666666666666,0.36666666666666664,0,0.08333333333333333,0.15,0,0.3333333333333333,0.0210727969348659
alq_217,Alqueva,2022-07-16,0.03125,0.3125,0.03125,0.0625,0.125,0.03125,0.40625,0.0427807486631016
alq_218,Alqueva,2022-07-18,0.01724137931034482,0.3448275862068966,0.01724137931034482,0.08620689655172414,0.13793103448275862,0.03448275862068965,0.3275862068965517,0.017857142857142856
alq_219,Alqueva,2022-07-22,0.068762278978389,0.206286836935167,0.0412573673870334,0.14341846758349705,0.12573673870333987,0.09233791748526522,0.2770137524557957,0.018506278916060808
alq_220,Alqueva,2022-07-22,0.07283464566929133,0.20078740157480315,0.04330708661417323,0.14566929133858267,0.12598425196850394,0.09251968503937008,0.27559055118110237,0.01794616151545364
alq_221,Alqueva,2024-05-05,0.10909090909090909,0.19090909090909092,0.00909090909090909,0.18181818181818185,0.04545454545454545,0.1,0.32727272727272727,0.004860267314702308
alq_222,Alqueva,2022-07-23,0.02777777777777777,0.3055555555555556,0,0.1388888888888889,0.1388888888888889,0,0.3888888888888889,0
alq_223,Alqueva,2022-07-28,0.11023622047244094,0.1732283464566929,0.07086614173228346,0.08661417322834646,0.09448818897637797,0.09448818897637797,0.29133858267716534,0.04297520661157025
alq_224,Alqueva,2022-08-08,0.02409638554216867,0.3493975903614458,0.01204819277108433,0.14457831325301204,0.13253012048192772,0.04819277108433735,0.25301204819277107,0.011029411764705883
alq_225,Alqueva,2022-08-08,0.03157894736842105,0.30526315789473685,0.01052631578947368,0.1263157894736842,0.15789473684210523,0.05263157894736842,0.2631578947368421,0.01217391304347826
alq_226,Alqueva,2022-08-12,0.06481481481481481,0.24074074074074073,0.07407407407407407,0.12962962962962962,0.0925925925925926,0.05555555555555555,0.28703703703703703,0.008588957055214725
alq_227,Alqueva,2022-09-17,0.09722222222222222,0.1527777777777778,0.04166666666666666,0.1388888888888889,0.09722222222222222,0.1388888888888889,0.19444444444444445,0.0014326647564469914
alq_228,Alqueva,2022-09-27,0.03636363636363636,0.21818181818181817,0,0.23636363636363636,0.09090909090909093,0.12727272727272726,0.2909090909090909,-0.01
alq_229,Alqueva,2022-09-27,0.02083333333333333,0.3541666666666667,0,0.22916666666666663,0.08333333333333333,0.04166666666666666,0.25,0.015053763440860216
alq_230,Alqueva,2022-09-27,0,0.32,0,0.32,0.08,0.08,0.2,0.00964630225080386
alq_231,Alqueva,2022-09-28,0,0,0,0,0,0,0,NA
alq_232,Alqueva,2022-09-28,0.0425531914893617,0.3191489361702128,0,0.0425531914893617,0.0851063829787234,0,0.46808510638297873,0.015418502202643172
alq_233,Alqueva,2022-09-28,0.05769230769230769,0.25,0,0.05769230769230769,0.1153846153846154,0.03846153846153846,0.4423076923076923,-0.002347417840375587
alq_234,Alqueva,2022-10-01,0,0,0,0,0,0,0,NA
alq_235,Alqueva,2022-10-01,0,0.15789473684210523,0,0.3157894736842105,0.05263157894736842,0.05263157894736842,0.42105263157894735,-0.01762114537444934
alq_236,Alqueva,2022-10-01,0.14349775784753363,0.11659192825112108,0.09417040358744394,0.11210762331838564,0.12556053811659193,0.08071748878923767,0.30493273542600896,9.68054211035818e-4
alq_237,Alqueva,2022-10-01,0.08558558558558559,0.22072072072072071,0.03153153153153153,0.13963963963963963,0.13513513513513514,0.08558558558558559,0.22072072072072071,0.012175324675324676
alq_238,Alqueva,2022-10-01,0,0.25,0.01785714285714285,0.14285714285714285,0.10714285714285714,0.07142857142857142,0.375,-0.006726457399103139
alq_239,Alqueva,2022-10-10,0.04210526315789473,0.22105263157894736,0.05263157894736842,0.09473684210526316,0.10526315789473684,0.05263157894736842,0.3684210526315789,0.02622950819672131
alq_240,Alqueva,2022-11-16,0.03076923076923077,0.2307692307692308,0.04615384615384615,0.2307692307692308,0.07692307692307693,0.03076923076923077,0.3230769230769231,-0.008960573476702509
alq_241,Alqueva,2022-11-18,0.09497206703910614,0.1340782122905028,0.05027932960893855,0.18994413407821228,0.09497206703910614,0.11731843575418996,0.2849162011173184,0.007759456838021339
alq_242,Alqueva,2022-12-14,0,0.42105263157894735,0,0.10526315789473684,0.10526315789473684,0.15789473684210523,0.15789473684210523,0.01056338028169014
alq_243,Alqueva,2022-12-15,0.02272727272727272,0.11363636363636365,0.13636363636363635,0.09090909090909093,0.09090909090909093,0.11363636363636365,0.3636363636363637,0.0022222222222222222
alq_244,Alqueva,2022-12-15,0.07407407407407407,0.18518518518518515,0.1111111111111111,0.1111111111111111,0.07407407407407407,0.18518518518518515,0.18518518518518515,0.005277044854881266
alq_245,Alqueva,2022-12-15,0.14937759336099585,0.12033195020746888,0.08713692946058091,0.0995850622406639,0.12448132780082988,0.1037344398340249,0.2821576763485477,0.007698887938408896
alq_246,Alqueva,2022-12-15,0.04761904761904761,0.1904761904761905,0.09523809523809525,0.09523809523809525,0.14285714285714285,0.09523809523809525,0.23809523809523808,0.008130081300813009
alq_247,Alqueva,2022-12-15,0.03703703703703703,0.25925925925925924,0.07407407407407407,0.07407407407407407,0.07407407407407407,0.2222222222222222,0.18518518518518515,0.01201923076923077
alq_248,Alqueva,2022-12-15,0,0.15789473684210523,0,0.3157894736842105,0.10526315789473684,0,0.42105263157894735,-0.015810276679841896
alq_249,Alqueva,2022-12-15,0.02439024390243902,0.2195121951219512,0.04878048780487805,0.07317073170731707,0.12195121951219512,0.14634146341463414,0.24390243902439024,0.0071090047393364926
alq_250,Alqueva,2022-12-15,0.04347826086956521,0.2608695652173913,0.08695652173913043,0.08695652173913043,0.08695652173913043,0.13043478260869565,0.21739130434782608,0.010638297872340425
alq_251,Alqueva,2022-12-15,0.03225806451612903,0.2258064516129032,0.0967741935483871,0.12903225806451613,0.0967741935483871,0.03225806451612903,0.3548387096774194,0.030379746835443037
alq_252,Alqueva,2022-12-18,0.17857142857142858,0.32142857142857145,0.03571428571428571,0.10714285714285714,0.03571428571428571,0.07142857142857142,0.21428571428571427,-0.002898550724637681
alq_253,Alqueva,2022-12-20,0.06451612903225806,0.0967741935483871,0.12903225806451613,0.16129032258064516,0.12903225806451613,0.06451612903225806,0.25806451612903225,0
alq_254,Alqueva,2022-12-30,0.11320754716981132,0.22641509433962265,0.05660377358490566,0.1509433962264151,0.09433962264150944,0.03773584905660377,0.2830188679245283,0.01238390092879257
alq_255,Alqueva,2024-04-02,0,0.1875,0,0.1875,0.0625,0.0625,0.5,0
alq_256,Alqueva,2024-04-01,0,0.18181818181818185,0,0.13636363636363635,0.04545454545454545,0,0.6363636363636364,-0.0035587188612099642
alq_257,Alqueva,2024-04-01,0,0.2903225806451613,0,0.12903225806451613,0.0967741935483871,0,0.4838709677419355,0.02054794520547945
alq_258,Alqueva,2024-04-01,0,0.2777777777777778,0,0.16666666666666666,0.1111111111111111,0,0.4444444444444444,0.004273504273504274
alq_259,Alqueva,2024-04-01,0,0.21739130434782608,0,0.17391304347826086,0.08695652173913043,0.04347826086956521,0.4782608695652174,0
alq_260,Alqueva,2024-04-01,0,0.21739130434782608,0,0.17391304347826086,0.08695652173913043,0,0.5217391304347826,0
alq_261,Alqueva,2024-04-01,0,0.23809523809523808,0,0.14285714285714285,0.14285714285714285,0,0.47619047619047616,-0.004329004329004329
alq_262,Alqueva,2024-03-21,0.0625,0.25,0.0375,0.1375,0.1,0.125,0.275,0.0036101083032490976
alq_263,Alqueva,2024-03-18,0.09016393442622953,0.13114754098360656,0.04098360655737704,0.19672131147540983,0.09016393442622953,0.13934426229508196,0.27049180327868855,-0.02332979851537646
alq_264,Alqueva,2023-01-02,0.13157894736842105,0.23684210526315788,0.07894736842105263,0.13157894736842105,0.13157894736842105,0.07894736842105263,0.18421052631578944,0.007434944237918215
alq_265,Alqueva,2023-01-03,0.10294117647058824,0.14705882352941177,0.08823529411764706,0.17647058823529413,0.07352941176470588,0.14705882352941177,0.25,-0.013108614232209739
alq_266,Alqueva,2023-01-12,0,0.41935483870967744,0,0.12903225806451613,0.06451612903225806,0,0.3548387096774194,0
alq_267,Alqueva,2023-01-12,0,0.4705882352941176,0,0.08823529411764706,0.0588235294117647,0,0.35294117647058826,0
alq_268,Alqueva,2023-01-12,0,0.4545454545454546,0,0.06818181818181818,0.06818181818181818,0,0.3863636363636363,0.013392857142857142
alq_269,Alqueva,2023-01-12,0.03225806451612903,0.41935483870967744,0.03225806451612903,0.12903225806451613,0.12903225806451613,0,0.2258064516129032,0
alq_270,Alqueva,2023-01-18,0.1782178217821782,0.13861386138613865,0.0297029702970297,0.26732673267326734,0.0297029702970297,0.1485148514851485,0.18811881188118812,-0.017266187050359712
alq_271,Alqueva,2023-02-08,0.03623188405797101,0.26811594202898553,0.0217391304347826,0.12318840579710146,0.08695652173913043,0.06521739130434782,0.34057971014492755,0.01179245283018868
alq_272,Alqueva,2023-02-15,0.14285714285714285,0.14285714285714285,0.05714285714285714,0.11428571428571428,0.05714285714285714,0.1,0.3,-0.028888888888888888
alq_273,Alqueva,2023-02-18,0.09333333333333334,0.22666666666666663,0.06666666666666667,0.10666666666666667,0.05333333333333334,0.06666666666666667,0.28,-0.014285714285714285
alq_274,Alqueva,2023-02-22,0.02127659574468085,0.2765957446808511,0.02127659574468085,0.10638297872340426,0.1276595744680851,0.10638297872340426,0.2978723404255319,-0.007782101167315175
alq_275,Alqueva,2023-03-02,0,0.35,0.05,0.05,0.1,0.05,0.3,0
alq_276,Alqueva,2023-03-02,0.0891566265060241,0.18072289156626503,0.03373493975903614,0.1710843373493976,0.07710843373493977,0.11566265060240964,0.29156626506024097,0.010395010395010396
alq_277,Alqueva,2023-03-14,0.0847457627118644,0.2033898305084746,0.01694915254237288,0.0847457627118644,0.13559322033898305,0.1016949152542373,0.3559322033898305,0.1044776119402985
alq_278,Alqueva,2023-04-21,0,0.3090909090909091,0.03636363636363636,0.10909090909090909,0.16363636363636364,0.03636363636363636,0.3090909090909091,0
alq_279,Alqueva,2023-04-23,0.05607476635514018,0.2523364485981308,0.03738317757009345,0.1308411214953271,0.09345794392523364,0.07476635514018691,0.2803738317757009,0.005488474204171241
alq_280,Alqueva,2023-05-11,0.13953488372093023,0.16279069767441862,0.06976744186046512,0.09302325581395347,0.13953488372093023,0.09302325581395347,0.13953488372093023,0.03888888888888889
alq_281,Alqueva,2024-02-26,0.07792207792207792,0.12987012987012986,0.07792207792207792,0.23376623376623376,0.07792207792207792,0.11688311688311688,0.22077922077922077,-0.004618937644341801
alq_282,Alqueva,2023-05-16,0.07272727272727272,0.18181818181818185,0.05454545454545454,0.14545454545454545,0.12727272727272726,0.07272727272727272,0.2909090909090909,0.022641509433962263
alq_283,Alqueva,2023-05-18,0.06666666666666667,0.24761904761904763,0,0.09523809523809525,0.1238095238095238,0.02857142857142857,0.3619047619047619,-0.0038071065989847717
alq_284,Alqueva,2023-05-24,0.05172413793103448,0.20114942528735633,0.06321839080459771,0.07471264367816093,0.1724137931034483,0.04022988505747126,0.3390804597701149,0.056968463886063074
alq_285,Alqueva,2024-02-24,0,0.375,0,0.125,0.125,0,0.375,-0.03804347826086957
alq_286,Alqueva,2023-06-04,0.08955223880597014,0.11194029850746268,0.03731343283582089,0.16417910447761194,0.08955223880597014,0.1044776119402985,0.35074626865671643,0.0021810250817884407
alq_287,Alqueva,2023-06-06,0.08383233532934131,0.17365269461077845,0.03592814371257485,0.20359281437125748,0.08982035928143713,0.1497005988023952,0.2275449101796407,0.012879484820607176
alq_288,Alqueva,2023-06-06,0.08917197452229299,0.16560509554140126,0.03821656050955414,0.21019108280254775,0.08917197452229299,0.1464968152866242,0.2229299363057325,0.014953271028037384
alq_289,Alqueva,2023-06-07,0.11778290993071594,0.17782909930715934,0.05311778290993071,0.14318706697459585,0.10854503464203231,0.11085450346420324,0.25635103926096997,0.014340344168260038
alq_290,Alqueva,2023-06-07,0.12296983758700696,0.17865429234338748,0.05568445475638051,0.14617169373549885,0.10904872389791184,0.10904872389791184,0.2436194895591647,0.014483424525265529
alq_291,Alqueva,2023-06-11,0.05970149253731343,0.3582089552238806,0,0.04477611940298507,0.14925373134328357,0.02985074626865671,0.31343283582089554,0.0037128712871287127
alq_292,Alqueva,2024-02-23,0.0967741935483871,0.2258064516129032,0,0.12903225806451613,0.12903225806451613,0.0967741935483871,0.2903225806451613,0.007722007722007722
alq_293,Alqueva,2024-02-24,0.04166666666666666,0.3333333333333333,0,0.125,0.08333333333333333,0.08333333333333333,0.3333333333333333,-0.017123287671232876
alq_294,Alqueva,2024-02-24,0.04166666666666666,0.25,0,0.16666666666666666,0.125,0.04166666666666666,0.3333333333333333,0.014354066985645933
alq_295,Alqueva,2024-02-23,0,0.2857142857142857,0,0.14285714285714285,0.14285714285714285,0.04761904761904761,0.3333333333333333,0.010256410256410256
alq_296,Alqueva,2023-06-20,0.175,0.225,0.05,0.125,0.075,0.1,0.15,0.006024096385542169
alq_297,Alqueva,2023-06-20,0.07142857142857142,0.21428571428571427,0,0.03571428571428571,0.14285714285714285,0.03571428571428571,0.35714285714285715,0.05527638190954774
alq_298,Alqueva,2023-06-20,0.07692307692307693,0.2564102564102564,0,0.05128205128205128,0.15384615384615383,0.02564102564102564,0.3076923076923077,0.04219409282700422
alq_299,Alqueva,2023-06-21,0.11428571428571428,0.12857142857142856,0.05714285714285714,0.1,0.14285714285714285,0.05714285714285714,0.2714285714285714,0.01935483870967742
alq_300,Alqueva,2023-07-10,0.09876543209876544,0.18518518518518515,0.04938271604938271,0.09876543209876544,0.14814814814814814,0.06172839506172839,0.3333333333333333,0.045174537987679675
alq_301,Alqueva,2023-07-28,0,0.08333333333333333,0,0.125,0.3333333333333333,0.04166666666666666,0.4166666666666667,0.004016064257028112
alq_302,Alqueva,2023-10-23,0.03968253968253968,0.25396825396825395,0.04761904761904761,0.10317460317460315,0.1111111111111111,0.07142857142857142,0.3492063492063492,0.029850746268656716
alq_303,Alqueva,2023-11-29,0.10714285714285714,0.35714285714285715,0,0.03571428571428571,0.10714285714285714,0.10714285714285714,0.21428571428571427,0.016129032258064516
alq_304,Alqueva,2024-02-07,0.02702702702702703,0.21621621621621623,0,0.02702702702702703,0.10810810810810811,0.08108108108108109,0.5405405405405406,0
alq_305,Alqueva,2024-02-06,0.01265822784810126,0.21518987341772153,0.01265822784810126,0.1139240506329114,0.12658227848101267,0.0759493670886076,0.3924050632911392,0.01340033500837521
alq_306,Alqueva,2024-02-05,0.03773584905660377,0.32075471698113206,0.05660377358490566,0.09433962264150944,0.11320754716981132,0.01886792452830188,0.32075471698113206,-0.014184397163120567
alq_307,Alqueva,2024-02-05,0.0425531914893617,0.23404255319148937,0.06382978723404255,0.10638297872340426,0.1276595744680851,0.02127659574468085,0.3617021276595745,-0.017582417582417582
alq_308,Alqueva,2024-02-05,0.04166666666666666,0.2708333333333333,0.0625,0.10416666666666669,0.125,0.02083333333333333,0.3333333333333333,-0.018518518518518517
alq_309,Alqueva,2024-02-05,0.04166666666666666,0.2708333333333333,0.0625,0.10416666666666669,0.125,0.02083333333333333,0.3333333333333333,-0.015665796344647518
alq_310,Alqueva,2024-02-05,0.03846153846153846,0.25,0.05769230769230769,0.09615384615384616,0.1346153846153846,0.01923076923076923,0.34615384615384615,-0.014285714285714285
alq_311,Alqueva,2024-01-23,0.02941176470588235,0.2647058823529412,0,0.14705882352941177,0.08823529411764706,0.02941176470588235,0.35294117647058826,0.021739130434782608
alq_312,Alqueva,2024-01-23,0,0.3,0,0.13333333333333333,0.06666666666666667,0.03333333333333333,0.4,0.021341463414634148
alq_313,Alqueva,2024-01-22,0.02439024390243902,0.3170731707317073,0,0.12195121951219512,0.04878048780487805,0.02439024390243902,0.4146341463414634,0.03598971722365039
alq_314,Alqueva,2024-01-22,0,0.34375,0,0.15625,0.09375,0.03125,0.3125,0.024242424242424242
alq_315,Alqueva,2024-01-22,0.02941176470588235,0.3235294117647059,0,0.17647058823529413,0.08823529411764706,0.02941176470588235,0.29411764705882354,0.02875399361022364
alq_316,Alqueva,2024-01-03,0,0.17391304347826086,0,0,0.10869565217391304,0.06521739130434782,0.6521739130434783,-0.006880733944954129
alq_317,Alqueva,2023-12-05,0.0625,0.20833333333333337,0.03125,0.11979166666666669,0.14583333333333334,0.07291666666666667,0.2864583333333333,0.006889763779527559
alq_318,Alqueva,2023-11-29,0.0303030303030303,0.48484848484848486,0,0.06060606060606061,0.09090909090909093,0.0303030303030303,0.21212121212121213,0
alq_319,Alqueva,2023-11-29,0.05,0.5,0,0.05,0.1,0.05,0.15,0.016129032258064516
alq_320,Alqueva,2023-11-29,0.0588235294117647,0.4117647058823529,0,0.0588235294117647,0.0588235294117647,0.0588235294117647,0.29411764705882354,0.023255813953488372
alq_321,Alqueva,2023-11-29,0.06666666666666667,0.4,0,0.06666666666666667,0.06666666666666667,0.03333333333333333,0.3,0.038461538461538464
alq_322,Alqueva,2023-11-29,0.05,0.5,0,0.05,0.1,0.05,0.15,0.031007751937984496
alq_323,Alqueva,NA,0,0.2058823529411765,0,0.14705882352941177,0.1176470588235294,0,0.4411764705882353,0.010526315789473684
alq_324,Alqueva,NA,0.04761904761904761,0.25396825396825395,0.03174603174603174,0.07936507936507936,0.09523809523809525,0.04761904761904761,0.4126984126984127,-0.017777777777777778
alq_325,Alqueva,NA,0.11363636363636365,0.11363636363636365,0.02272727272727272,0.20454545454545456,0.02272727272727272,0.1590909090909091,0.3636363636363637,0.022641509433962263
alq_326,Alqueva,NA,0.07142857142857142,0.07142857142857142,0.04761904761904761,0.04761904761904761,0.09523809523809525,0.04761904761904761,0.5952380952380952,0.014388489208633094
alq_327,Alqueva,NA,0.04,0.24,0.08,0.08,0.08,0.16,0.24,0.01
alq_328,Alqueva,NA,0.07526881720430108,0.15053763440860216,0.04838709677419355,0.1021505376344086,0.13978494623655913,0.06451612903225806,0.3655913978494624,0.04197530864197531
alq_329,Alqueva,NA,0.07894736842105263,0.10526315789473684,0.05263157894736842,0.05263157894736842,0.10526315789473684,0.05263157894736842,0.5263157894736842,0.0196078431372549
alq_330,Alqueva,NA,0.05681818181818181,0.2159090909090909,0.06818181818181818,0.04545454545454545,0.13636363636363635,0.02272727272727272,0.4318181818181818,0.046632124352331605
alq_331,Alqueva,NA,0,0.2,0,0.3,0.1,0,0.4,-0.016666666666666666
alq_332,Alqueva,NA,0,0.6666666666666666,0,0.16666666666666666,0,0,0.16666666666666666,0.018518518518518517
alq_333,Alqueva,NA,0.1111111111111111,0.19444444444444445,0,0.02777777777777777,0.16666666666666666,0.08333333333333333,0.3055555555555556,0.04417670682730924
alq_334,Alqueva,NA,0.04651162790697674,0.27906976744186046,0,0.11627906976744186,0.11627906976744186,0.06976744186046512,0.32558139534883723,0.02512562814070352
alq_335,Alqueva,NA,0.06896551724137931,0.2413793103448276,0.05172413793103448,0.08620689655172414,0.13793103448275862,0.05172413793103448,0.3275862068965517,-0.015086206896551725
alq_336,Alqueva,NA,0.05405405405405406,0.21621621621621623,0,0.16216216216216217,0.10810810810810811,0.05405405405405406,0.40540540540540543,0.016
alq_337,Alqueva,NA,0.0873015873015873,0.21428571428571427,0.0238095238095238,0.11904761904761904,0.07142857142857142,0.11904761904761904,0.30158730158730157,0.02956989247311828
alq_338,Alqueva,NA,0.1111111111111111,0.1111111111111111,0.04629629629629629,0.16666666666666666,0.07407407407407407,0.1111111111111111,0.3611111111111111,0.0024479804161566705
alq_339,Alqueva,NA,0.1111111111111111,0.2222222222222222,0.06666666666666667,0.08888888888888889,0.1111111111111111,0.04444444444444444,0.3333333333333333,-0.00468384074941452
alq_340,Alqueva,NA,0,0.4166666666666667,0,0.08333333333333333,0.16666666666666666,0,0.3333333333333333,-0.024630541871921183
alq_341,Alqueva,NA,0.06306306306306306,0.16216216216216217,0.03603603603603603,0.22522522522522523,0.07207207207207207,0.08108108108108109,0.32432432432432434,0.010101010101010102
alq_342,Alqueva,NA,0.10465116279069768,0.26744186046511625,0.03488372093023256,0.12209302325581396,0.09302325581395347,0.09883720930232558,0.2267441860465116,0.021505376344086023
alq_343,Alqueva,NA,0.02531645569620253,0.189873417721519,0,0.12658227848101267,0.01265822784810126,0.1139240506329114,0.4177215189873418,0.001002004008016032
alq_344,Alqueva,NA,0.02631578947368421,0.2631578947368421,0,0.07894736842105263,0.10526315789473684,0.02631578947368421,0.47368421052631576,0.019559902200488997
alq_345,Alqueva,NA,0.05031446540880503,0.22641509433962265,0.01257861635220125,0.13836477987421383,0.03773584905660377,0.09433962264150944,0.33962264150943394,0.008491182233834096
alq_346,Alqueva,NA,0.1368421052631579,0.17894736842105263,0.04210526315789473,0.1368421052631579,0.03157894736842105,0.10526315789473684,0.3473684210526316,0.02848575712143928
alq_347,Alqueva,NA,0.07194244604316546,0.1510791366906475,0.02877697841726619,0.14388489208633093,0.1366906474820144,0.09352517985611512,0.31654676258992803,0.00963855421686747
alq_348,Alqueva,NA,0.0963855421686747,0.18072289156626503,0,0.14457831325301204,0.13253012048192772,0.06024096385542168,0.3734939759036144,0.03940886699507389
chey_1,Le_Cheylas,2018-01-04,0,0.1111111111111111,0,0,0.2222222222222222,0.1111111111111111,0.5555555555555556,0.10606060606060606
chey_2,Le_Cheylas,2018-01-05,0.08823529411764706,0.1176470588235294,0.0588235294117647,0.1176470588235294,0.08823529411764706,0.2647058823529412,0.14705882352941177,0.06951871657754011
chey_3,Le_Cheylas,2018-01-19,0.0925925925925926,0.16666666666666666,0.04166666666666666,0.14351851851851852,0.08333333333333333,0.09722222222222222,0.2777777777777778,0.14843006660323502
chey_4,Le_Cheylas,2018-06-03,0.04100946372239748,0.26813880126182965,0.0252365930599369,0.05678233438485804,0.24290220820189273,0.05678233438485804,0.1798107255520505,0.15177065767284992
chey_5,Le_Cheylas,2018-06-03,0.04100946372239748,0.26813880126182965,0.0252365930599369,0.05678233438485804,0.24290220820189273,0.05678233438485804,0.1798107255520505,0.15177065767284992
chey_6,Le_Cheylas,2018-06-14,0,0.5,0,0.25,0,0,0.25,0.28169014084507044
chey_7,Le_Cheylas,2018-06-18,0,0.38596491228070173,0.0175438596491228,0.10526315789473684,0.10526315789473684,0.03508771929824561,0.3333333333333333,0.15531914893617021
chey_8,Le_Cheylas,2025-07-24,0,0.6,0,0,0,0,0.4,0.14883720930232558
chey_9,Le_Cheylas,2018-07-02,0.03846153846153846,0.34615384615384615,0,0.1153846153846154,0.07692307692307693,0.15384615384615383,0.2692307692307692,0.1111111111111111
chey_10,Le_Cheylas,2025-07-21,0.16981132075471697,0.18867924528301888,0.07547169811320754,0.16981132075471697,0.07547169811320754,0.11320754716981132,0.18867924528301888,0.14805194805194805
chey_11,Le_Cheylas,2018-07-16,0.0851063829787234,0.1702127659574468,0.06382978723404255,0.1276595744680851,0.18085106382978725,0.06382978723404255,0.22340425531914893,0.1543026706231454
chey_12,Le_Cheylas,2018-07-16,0.0303030303030303,0.2727272727272727,0.0303030303030303,0.09090909090909093,0.30303030303030304,0,0.15151515151515152,0.1761006289308176
chey_13,Le_Cheylas,2018-07-18,0.09181636726546906,0.19560878243512975,0.01197604790419161,0.08782435129740519,0.249500998003992,0.0279441117764471,0.28542914171656686,0.11311417462000707
chey_14,Le_Cheylas,2018-07-26,0.10810810810810811,0.08108108108108109,0.02702702702702703,0.24324324324324328,0.02702702702702703,0.32432432432432434,0.13513513513513514,0.034722222222222224
chey_15,Le_Cheylas,2025-07-20,0.07352941176470588,0.22794117647058823,0.02941176470588235,0.125,0.16176470588235295,0.10294117647058824,0.2352941176470588,0.12931034482758622
chey_16,Le_Cheylas,2018-09-02,0.07692307692307693,0.3076923076923077,0.07692307692307693,0.07692307692307693,0.15384615384615383,0,0.2692307692307692,0.2094240837696335
chey_17,Le_Cheylas,2018-01-05,0.06514657980456026,0.16612377850162866,0.0977198697068404,0.247557003257329,0.04560260586319218,0.14332247557003258,0.1758957654723127,0.10750750750750751
chey_18,Le_Cheylas,2018-10-25,0.0425531914893617,0.3829787234042553,0,0.0851063829787234,0.1276595744680851,0.0425531914893617,0.2127659574468085,0.08
chey_19,Le_Cheylas,2018-10-25,0,0.2159090909090909,0,0.01136363636363636,0.20454545454545456,0.10227272727272728,0.4431818181818182,0.10501750291715285
chey_20,Le_Cheylas,2018-10-25,0.04761904761904761,0.4047619047619048,0,0.11904761904761904,0.16666666666666666,0.04761904761904761,0.14285714285714285,0.0749063670411985
chey_21,Le_Cheylas,2018-06-03,0.04100946372239748,0.26813880126182965,0.0252365930599369,0.05678233438485804,0.24290220820189273,0.05678233438485804,0.1798107255520505,0.15177065767284992
chey_22,Le_Cheylas,2018-06-15,0,0,0,0,0,0,0,NA
chey_23,Le_Cheylas,2018-12-25,0.06666666666666667,0.23333333333333336,0.03333333333333333,0.1,0.16666666666666666,0.1,0.23333333333333336,0.1116751269035533
chey_24,Le_Cheylas,2025-07-14,0.08235294117647059,0.24705882352941175,0.02352941176470588,0.07058823529411765,0.15294117647058825,0.07058823529411765,0.25882352941176473,0.09630818619582665
chey_25,Le_Cheylas,2019-01-14,0,0,0,0,0,0,1,0.08163265306122448
chey_26,Le_Cheylas,2019-01-14,0.09090909090909093,0.09090909090909093,0.06060606060606061,0.06060606060606061,0.09090909090909093,0.06060606060606061,0.48484848484848486,0.12363636363636364
chey_27,Le_Cheylas,2018-12-25,0.1111111111111111,0.3333333333333333,0,0.1111111111111111,0.1111111111111111,0.1111111111111111,0.1111111111111111,0.14893617021276595
chey_28,Le_Cheylas,2019-01-22,0.10526315789473684,0.2631578947368421,0.02631578947368421,0.21052631578947367,0.05263157894736842,0.02631578947368421,0.2631578947368421,0.08333333333333333
chey_29,Le_Cheylas,2018-03-13,0.10526315789473684,0.17543859649122806,0.08771929824561403,0.12280701754385964,0.08771929824561403,0.10526315789473684,0.2631578947368421,0.0990990990990991
chey_30,Le_Cheylas,2019-04-30,0,0.2307692307692308,0,0.3076923076923077,0,0.38461538461538464,0,0.13333333333333333
chey_31,Le_Cheylas,2019-01-20,0.1643835616438356,0.0821917808219178,0.0136986301369863,0.1506849315068493,0.0410958904109589,0.1643835616438356,0.2465753424657534,0.136986301369863
chey_32,Le_Cheylas,2019-02-05,0.0967741935483871,0.16129032258064516,0.06451612903225806,0.06451612903225806,0,0.1935483870967742,0.41935483870967744,0.134185303514377
chey_33,Le_Cheylas,2019-02-13,0,0,0,0,0,0,0,NA
chey_34,Le_Cheylas,2019-03-12,0.1411764705882353,0.17647058823529413,0.08235294117647059,0.18823529411764703,0.09411764705882351,0.12941176470588237,0.15294117647058825,0.116991643454039
chey_35,Le_Cheylas,2019-03-17,0.02941176470588235,0.2426470588235294,0,0.08088235294117647,0.2352941176470588,0.02205882352941176,0.27941176470588236,0.1774193548387097
chey_36,Le_Cheylas,2019-03-27,0.06206896551724138,0.19310344827586207,0.03448275862068965,0.08275862068965517,0.2689655172413793,0.06896551724137931,0.19310344827586207,0.1760752688172043
chey_37,Le_Cheylas,2019-04-07,0.03930131004366812,0.2314410480349345,0.01746724890829694,0.0611353711790393,0.23580786026200873,0.05240174672489083,0.22707423580786024,0.12215320910973085
chey_38,Le_Cheylas,2018-04-09,0.21052631578947367,0.2631578947368421,0,0.05263157894736842,0.05263157894736842,0,0.42105263157894735,0.115
chey_39,Le_Cheylas,2019-05-07,0,0.2857142857142857,0,0.1904761904761905,0.04761904761904761,0.1904761904761905,0.14285714285714285,0.16806722689075632
chey_40,Le_Cheylas,2019-05-12,0.15841584158415842,0.0891089108910891,0.0891089108910891,0.2079207920792079,0.0396039603960396,0.15841584158415842,0.2079207920792079,0.13636363636363635
chey_41,Le_Cheylas,2019-06-09,0.1176470588235294,0.17647058823529413,0,0.1176470588235294,0.14705882352941177,0.08823529411764706,0.2058823529411765,0.1282051282051282
chey_42,Le_Cheylas,2019-06-13,0.125,0.125,0,0.125,0.125,0,0.5,0.12727272727272726
chey_43,Le_Cheylas,2019-06-16,0.11627906976744186,0.15614617940199335,0.03322259136212625,0.1760797342192691,0.1096345514950166,0.10299003322259136,0.20930232558139536,0.07142857142857142
chey_44,Le_Cheylas,2019-06-20,0.10526315789473684,0.21052631578947367,0,0.05263157894736842,0.15789473684210523,0.10526315789473684,0.21052631578947367,0.13253012048192772
chey_45,Le_Cheylas,2019-06-22,0.04458598726114649,0.2611464968152866,0.02547770700636942,0.11464968152866242,0.12101910828025478,0.04458598726114649,0.34394904458598724,0.1103448275862069
chey_46,Le_Cheylas,2019-06-22,0,0.1111111111111111,0,0,0.2222222222222222,0.1111111111111111,0.5555555555555556,0.0967741935483871
chey_47,Le_Cheylas,2019-06-23,0.1,0.1,0,0.2,0.1,0.1,0.3,0.09090909090909091
chey_48,Le_Cheylas,2019-07-16,0,0.3076923076923077,0,0.03846153846153846,0.19230769230769232,0.03846153846153846,0.38461538461538464,0.14240506329113925
chey_49,Le_Cheylas,2019-07-18,0,0.375,0,0.125,0,0.25,0.25,0.16216216216216217
chey_50,Le_Cheylas,2019-07-22,0.1,0.1,0,0,0,0.1,0.7,0.16831683168316833
chey_51,Le_Cheylas,2025-06-26,0.02857142857142857,0.24285714285714283,0.02857142857142857,0.14285714285714285,0.1,0.12857142857142856,0.22857142857142856,0.05457746478873239
chey_52,Le_Cheylas,2025-06-24,0.1153846153846154,0.2692307692307692,0.03846153846153846,0.07692307692307693,0.07692307692307693,0.03846153846153846,0.38461538461538464,0.19138755980861244
chey_53,Le_Cheylas,2019-11-14,0.125,0.125,0,0.125,0,0.125,0.4375,0.16161616161616163
chey_54,Le_Cheylas,2025-06-08,0.07894736842105263,0.24561403508771928,0.08771929824561403,0.14035087719298245,0.11403508771929824,0.12280701754385964,0.15789473684210523,0.11049723756906077
chey_55,Le_Cheylas,2025-06-02,0.03333333333333333,0.3,0.06666666666666667,0,0.2,0.03333333333333333,0.36666666666666664,0.1553030303030303
chey_56,Le_Cheylas,2025-05-07,0.05454545454545454,0.2727272727272727,0.03636363636363636,0.09090909090909093,0.2545454545454545,0.01818181818181818,0.2727272727272727,0.12467532467532468
chey_57,Le_Cheylas,2025-05-06,0.07894736842105263,0.3157894736842105,0,0.15789473684210523,0.07017543859649122,0.07017543859649122,0.24561403508771928,0.09836065573770492
chey_58,Le_Cheylas,2025-03-31,0.04807692307692308,0.2692307692307692,0.00961538461538461,0.03846153846153846,0.2403846153846154,0.04807692307692308,0.28846153846153844,0.12708333333333333
chey_59,Le_Cheylas,2025-03-28,0,0.23404255319148937,0,0.0425531914893617,0.1914893617021277,0.0425531914893617,0.3617021276595745,0.14622641509433962
chey_60,Le_Cheylas,2025-01-17,0.07142857142857142,0.21428571428571427,0,0.21428571428571427,0.07142857142857142,0.14285714285714285,0.2857142857142857,0.1375
chey_61,Le_Cheylas,2022-03-24,0.06060606060606061,0.12121212121212122,0.09090909090909093,0.2727272727272727,0.18181818181818185,0.06060606060606061,0.18181818181818185,0.07537688442211055
chey_62,Le_Cheylas,2022-03-26,0.05555555555555555,0.1388888888888889,0.08333333333333333,0.2777777777777778,0.16666666666666666,0.05555555555555555,0.16666666666666666,0.07964601769911504
chey_63,Le_Cheylas,2024-12-18,0.06185567010309278,0.25773195876288657,0.05154639175257732,0.2371134020618557,0.04123711340206185,0.09278350515463918,0.20618556701030927,0.10140405616224649
chey_64,Le_Cheylas,2022-01-21,0.06811145510835913,0.17956656346749225,0.06191950464396285,0.1021671826625387,0.13003095975232198,0.0959752321981424,0.29411764705882354,0.12774725274725274
chey_65,Le_Cheylas,2020-01-21,0.15,0.3,0.05,0.2,0.05,0.05,0.2,0.14705882352941177
chey_66,Le_Cheylas,2020-01-21,0.5,0.5,0,0,0,0,0,0.0875
chey_67,Le_Cheylas,2020-01-21,0.5,0.5,0,0,0,0,0,0.0875
chey_68,Le_Cheylas,2020-01-22,0.125,0.25,0.08333333333333333,0.20833333333333337,0.08333333333333333,0.04166666666666666,0.20833333333333337,0.1323529411764706
chey_69,Le_Cheylas,2020-01-22,0.17647058823529413,0.17647058823529413,0.0392156862745098,0.17647058823529413,0.09803921568627452,0.0196078431372549,0.17647058823529413,0.109375
chey_70,Le_Cheylas,2020-01-22,0.16279069767441862,0.18604651162790695,0.11627906976744186,0.16279069767441862,0.02325581395348837,0.13953488372093023,0.20930232558139536,0.1036036036036036
chey_71,Le_Cheylas,2020-01-22,0.19444444444444445,0.16666666666666666,0.05555555555555555,0.16666666666666666,0.05555555555555555,0.02777777777777777,0.3333333333333333,0.16279069767441862
chey_72,Le_Cheylas,2020-01-22,0.13559322033898305,0.1864406779661017,0.1016949152542373,0.2033898305084746,0.0847457627118644,0.06779661016949153,0.2033898305084746,0.1659919028340081
chey_73,Le_Cheylas,2020-01-22,0.21052631578947367,0.2631578947368421,0.05263157894736842,0.15789473684210523,0.05263157894736842,0,0.2631578947368421,0.14285714285714285
chey_74,Le_Cheylas,2020-01-22,0.1904761904761905,0.12698412698412698,0.14285714285714285,0.2063492063492063,0.04761904761904761,0.12698412698412698,0.09523809523809525,0.07236842105263158
chey_75,Le_Cheylas,2020-01-22,0.14285714285714285,0.21428571428571427,0.14285714285714285,0.14285714285714285,0.14285714285714285,0.07142857142857142,0.14285714285714285,0.05263157894736842
chey_76,Le_Cheylas,2020-01-22,0.2058823529411765,0.17647058823529413,0.10294117647058824,0.14705882352941177,0.0588235294117647,0.04411764705882353,0.2647058823529412,0.11306532663316583
chey_77,Le_Cheylas,2020-01-22,0.18181818181818185,0.24242424242424243,0.06060606060606061,0.18181818181818185,0.09090909090909093,0,0.18181818181818185,0.17297297297297298
chey_78,Le_Cheylas,2020-01-22,0.2058823529411765,0.17647058823529413,0.10294117647058824,0.14705882352941177,0.0588235294117647,0.04411764705882353,0.2647058823529412,0.11286089238845144
chey_79,Le_Cheylas,2020-01-22,0.2058823529411765,0.17647058823529413,0.10294117647058824,0.14705882352941177,0.0588235294117647,0.04411764705882353,0.2647058823529412,0.11306532663316583
chey_80,Le_Cheylas,2020-01-22,0.2058823529411765,0.17647058823529413,0.10294117647058824,0.14705882352941177,0.0588235294117647,0.04411764705882353,0.2647058823529412,0.11286089238845144
chey_81,Le_Cheylas,2020-01-22,0.2058823529411765,0.17647058823529413,0.10294117647058824,0.14705882352941177,0.0588235294117647,0.04411764705882353,0.2647058823529412,0.11306532663316583
chey_82,Le_Cheylas,2020-01-22,0.2058823529411765,0.17647058823529413,0.10294117647058824,0.14705882352941177,0.0588235294117647,0.04411764705882353,0.2647058823529412,0.11306532663316583
chey_83,Le_Cheylas,2020-01-22,0.2058823529411765,0.17647058823529413,0.10294117647058824,0.14705882352941177,0.0588235294117647,0.04411764705882353,0.2647058823529412,0.11306532663316583
chey_84,Le_Cheylas,2020-01-22,0.12280701754385964,0.19298245614035087,0.08771929824561403,0.21052631578947367,0.03508771929824561,0.08771929824561403,0.24561403508771928,0.1227154046997389
chey_85,Le_Cheylas,2020-01-22,0.2058823529411765,0.17647058823529413,0.10294117647058824,0.14705882352941177,0.0588235294117647,0.04411764705882353,0.2647058823529412,0.11306532663316583
chey_86,Le_Cheylas,2020-01-22,0.14,0.18,0.07,0.19,0.06,0.08,0.21,0.1400437636761488
chey_87,Le_Cheylas,2020-01-22,0.1308411214953271,0.17757009345794392,0.07476635514018691,0.17757009345794392,0.06542056074766354,0.08411214953271028,0.21495327102803735,0.1400437636761488
chey_88,Le_Cheylas,2020-01-22,0.14285714285714285,0.2619047619047619,0.0238095238095238,0.16666666666666666,0.07142857142857142,0.04761904761904761,0.21428571428571427,0.13793103448275862
chey_89,Le_Cheylas,2020-01-22,0,0,0,0,0,0,0,NA
chey_90,Le_Cheylas,2020-01-22,0,0.3333333333333333,0.16666666666666666,0.16666666666666666,0,0,0.3333333333333333,0.15454545454545454
chey_91,Le_Cheylas,2020-01-22,0.13333333333333333,0.3333333333333333,0.06666666666666667,0.2,0.06666666666666667,0,0.2,0.11347517730496454
chey_92,Le_Cheylas,2020-01-22,0.1744186046511628,0.1744186046511628,0.03488372093023256,0.1511627906976744,0.04651162790697674,0.09302325581395347,0.2558139534883721,0.13258426966292136
chey_93,Le_Cheylas,2020-01-22,0.14130434782608697,0.2065217391304348,0.04347826086956521,0.16304347826086957,0.10869565217391304,0.04347826086956521,0.2391304347826087,0.12912087912087913
chey_94,Le_Cheylas,2020-01-22,0.14130434782608697,0.2065217391304348,0.04347826086956521,0.16304347826086957,0.10869565217391304,0.04347826086956521,0.2391304347826087,0.12912087912087913
chey_95,Le_Cheylas,2020-01-22,0.16161616161616163,0.21212121212121213,0.04040404040404041,0.18181818181818185,0.101010101010101,0.04040404040404041,0.21212121212121213,0.11330049261083744
chey_96,Le_Cheylas,2020-01-22,0.20512820512820512,0.07692307692307693,0.11965811965811966,0.23931623931623933,0.02564102564102564,0.1111111111111111,0.19658119658119655,0.10451306413301663
chey_97,Le_Cheylas,2020-01-22,0.2136752136752137,0.07692307692307693,0.11965811965811966,0.23931623931623933,0.02564102564102564,0.1111111111111111,0.18803418803418803,0.10451306413301663
chey_98,Le_Cheylas,2020-01-23,0.12280701754385964,0.16666666666666666,0.04385964912280701,0.18421052631578944,0.07894736842105263,0.08771929824561403,0.24561403508771928,0.10795454545454546
chey_99,Le_Cheylas,2020-01-23,0.14814814814814814,0.26851851851851855,0.05555555555555555,0.1388888888888889,0.08333333333333333,0.04629629629629629,0.21296296296296297,0.13553113553113552
chey_100,Le_Cheylas,2020-01-23,0.12962962962962962,0.16666666666666666,0.06481481481481481,0.1111111111111111,0.12037037037037036,0.04629629629629629,0.2962962962962963,0.07898448519040903
chey_101,Le_Cheylas,2020-01-24,0.10576923076923075,0.18269230769230768,0.02884615384615384,0.17307692307692307,0.08653846153846154,0.05769230769230769,0.27884615384615385,0.12090163934426229
chey_102,Le_Cheylas,2020-01-24,0.11486486486486489,0.16216216216216217,0.0472972972972973,0.16216216216216217,0.06756756756756757,0.08108108108108109,0.2702702702702703,0.10627177700348432
chey_103,Le_Cheylas,2020-01-24,0,0,0,0,0,0,0,NA
chey_104,Le_Cheylas,2020-01-24,0,0,0,0,0,0,0,NA
chey_105,Le_Cheylas,2020-01-24,0.08737864077669903,0.1941747572815534,0.03883495145631067,0.17475728155339806,0.08737864077669903,0.04854368932038835,0.2912621359223301,0.13129496402877697
chey_106,Le_Cheylas,2020-01-24,0.12745098039215683,0.22549019607843135,0.0392156862745098,0.14705882352941177,0.08823529411764706,0.04901960784313725,0.2647058823529412,0.11812627291242363
chey_107,Le_Cheylas,2020-01-26,0.19230769230769232,0.07692307692307693,0.1153846153846154,0.1153846153846154,0.03846153846153846,0.15384615384615383,0.3076923076923077,0.096045197740113
chey_108,Le_Cheylas,2020-01-26,0,0,0,0,0,0,0,NA
chey_109,Le_Cheylas,2020-01-23,0.10588235294117648,0.17647058823529413,0.02352941176470588,0.12941176470588237,0.12941176470588237,0.04705882352941176,0.3176470588235294,0.13894736842105262
chey_110,Le_Cheylas,2020-01-22,0,0.4,0,0,0.2,0,0.4,0.13071895424836602
chey_111,Le_Cheylas,2020-01-29,0.20754716981132076,0.16981132075471697,0,0.1320754716981132,0.03773584905660377,0.09433962264150944,0.33962264150943394,0.12633832976445397
chey_112,Le_Cheylas,2020-01-31,0.04761904761904761,0.380952380952381,0,0.04761904761904761,0.04761904761904761,0.09523809523809525,0.3333333333333333,0.1
chey_113,Le_Cheylas,2020-02-09,0.07744107744107744,0.13804713804713806,0.05387205387205387,0.21212121212121213,0.10774410774410774,0.16835016835016836,0.13131313131313133,0.09572901325478646
chey_114,Le_Cheylas,2020-02-18,0.02564102564102564,0.2307692307692308,0.03846153846153846,0.05128205128205128,0.1794871794871795,0.03846153846153846,0.34615384615384615,0.15346534653465346
chey_115,Le_Cheylas,2024-11-26,0.16666666666666666,0,0,0,0,0.16666666666666666,0.6666666666666666,0.11363636363636363
chey_116,Le_Cheylas,2020-03-14,0.0851063829787234,0.1276595744680851,0.02127659574468085,0.1914893617021277,0.0425531914893617,0.2765957446808511,0.1914893617021277,0.037037037037037035
chey_117,Le_Cheylas,2020-06-04,0,0.1875,0.0625,0.09375,0.125,0,0.53125,0.12051282051282051
chey_118,Le_Cheylas,2020-06-05,0.10526315789473684,0.21052631578947367,0,0.2631578947368421,0.10526315789473684,0.10526315789473684,0.15789473684210523,0.19117647058823528
chey_119,Le_Cheylas,2020-06-08,0,0,0,0,0,0,0,NA
chey_120,Le_Cheylas,2020-06-08,0,0,0,0,0,0,0,NA
chey_121,Le_Cheylas,2020-06-29,0.05185185185185185,0.3037037037037037,0.03703703703703703,0.11851851851851852,0.05925925925925926,0.08888888888888889,0.3037037037037037,0.1532639545884579
chey_122,Le_Cheylas,2020-07-25,0,0.2631578947368421,0,0,0.10526315789473684,0.05263157894736842,0.5789473684210527,0.1277533039647577
chey_123,Le_Cheylas,2020-08-04,0,0.4,0.2,0,0,0,0.4,0.046153846153846156
chey_124,Le_Cheylas,2020-08-29,0.05555555555555555,0.16666666666666666,0,0.1388888888888889,0.05555555555555555,0.1388888888888889,0.2777777777777778,0.08433734939759036
chey_125,Le_Cheylas,2021-11-27,0.03296703296703297,0.22527472527472528,0,0.0934065934065934,0.21428571428571427,0.0989010989010989,0.22527472527472528,0.12070410729253982
chey_126,Le_Cheylas,2024-10-30,0.04838709677419355,0.25806451612903225,0,0.08064516129032258,0.1774193548387097,0.01612903225806451,0.3387096774193548,0.14210526315789473
chey_127,Le_Cheylas,2024-10-29,0.0547945205479452,0.273972602739726,0.0410958904109589,0.0821917808219178,0.1095890410958904,0.0684931506849315,0.3150684931506849,0.19736842105263158
chey_128,Le_Cheylas,2024-10-28,0.1044776119402985,0.22388059701492535,0.01492537313432835,0.1791044776119403,0.1044776119402985,0.1044776119402985,0.22388059701492535,0.11711711711711711
chey_129,Le_Cheylas,2024-10-25,0.02857142857142857,0.37142857142857144,0,0.05714285714285714,0.05714285714285714,0,0.4,0.104
chey_130,Le_Cheylas,2024-10-24,0.0425531914893617,0.14893617021276595,0,0.1276595744680851,0.06382978723404255,0.0851063829787234,0.46808510638297873,0.14018691588785046
chey_131,Le_Cheylas,2020-09-17,0.08103130755064457,0.16758747697974216,0.00552486187845303,0.09944751381215468,0.283609576427256,0.01841620626151013,0.3314917127071823,0.1005765534913517
chey_132,Le_Cheylas,2024-10-23,0.0303030303030303,0.2727272727272727,0.0303030303030303,0.0303030303030303,0.18181818181818185,0.0303030303030303,0.3636363636363637,0.19322033898305085
chey_133,Le_Cheylas,2020-10-03,0.14285714285714285,0.10714285714285714,0.04761904761904761,0.1904761904761905,0.11904761904761904,0.10714285714285714,0.2261904761904762,0.09734513274336283
chey_134,Le_Cheylas,2020-10-03,0.14285714285714285,0.10714285714285714,0.04761904761904761,0.1904761904761905,0.11904761904761904,0.10714285714285714,0.2261904761904762,0.1013215859030837
chey_135,Le_Cheylas,2020-10-03,0.14457831325301204,0.10843373493975904,0.04819277108433735,0.1927710843373494,0.12048192771084336,0.10843373493975904,0.21686746987951808,0.10022271714922049
chey_136,Le_Cheylas,2020-10-03,0.11956521739130437,0.13043478260869565,0.05434782608695652,0.15217391304347827,0.14130434782608697,0.09782608695652174,0.2391304347826087,0.10119047619047619
chey_137,Le_Cheylas,2020-10-03,0.14457831325301204,0.10843373493975904,0.04819277108433735,0.1927710843373494,0.12048192771084336,0.10843373493975904,0.21686746987951808,0.10022271714922049
chey_138,Le_Cheylas,2020-10-03,0.14285714285714285,0.10714285714285714,0.04761904761904761,0.1904761904761905,0.11904761904761904,0.10714285714285714,0.2261904761904762,0.1013215859030837
chey_139,Le_Cheylas,2020-10-03,0.14457831325301204,0.10843373493975904,0.04819277108433735,0.1927710843373494,0.12048192771084336,0.10843373493975904,0.21686746987951808,0.10022271714922049
chey_140,Le_Cheylas,2020-10-03,0.14285714285714285,0.10714285714285714,0.04761904761904761,0.1904761904761905,0.11904761904761904,0.10714285714285714,0.2261904761904762,0.1013215859030837
chey_141,Le_Cheylas,2024-10-22,0.08571428571428572,0.2,0.01428571428571428,0.17142857142857143,0.11428571428571428,0.1,0.2571428571428571,0.10704225352112676
chey_142,Le_Cheylas,2024-10-21,0.08695652173913043,0.2898550724637681,0.0144927536231884,0.08695652173913043,0.2318840579710145,0,0.2753623188405797,0.17494600431965443
chey_143,Le_Cheylas,2020-11-01,0.04705882352941176,0.32941176470588235,0.03529411764705882,0.09411764705882351,0.08235294117647059,0.10588235294117648,0.16470588235294115,0.15213358070500926
chey_144,Le_Cheylas,2020-11-16,0.0962566844919786,0.1711229946524064,0.106951871657754,0.1176470588235294,0.18716577540106952,0.11229946524064172,0.16042780748663102,0.14088050314465408
chey_145,Le_Cheylas,2024-09-24,0.01785714285714285,0.2857142857142857,0.02678571428571428,0.01785714285714285,0.0625,0.02678571428571428,0.5535714285714286,0.25060240963855424
chey_146,Le_Cheylas,2021-10-20,0,0.380952380952381,0,0.04761904761904761,0.23809523809523808,0.04761904761904761,0.2857142857142857,0.09701492537313433
chey_147,Le_Cheylas,2021-09-24,0.04587155963302752,0.24770642201834864,0.0091743119266055,0.05504587155963303,0.06422018348623854,0.03669724770642202,0.45871559633027525,0.24259520451339917
chey_148,Le_Cheylas,2021-06-04,0.03448275862068965,0.2413793103448276,0.01724137931034482,0.03448275862068965,0.15517241379310345,0.03448275862068965,0.46551724137931033,0.15162454873646208
chey_149,Le_Cheylas,2021-06-05,0,0,0,0,0,0,0,NA
chey_150,Le_Cheylas,2021-06-20,0.05113636363636364,0.2840909090909091,0.01136363636363636,0.04545454545454545,0.23295454545454544,0.05113636363636364,0.2102272727272727,0.13850687622789784
chey_151,Le_Cheylas,2021-07-04,0.0427807486631016,0.25668449197860965,0.0267379679144385,0.06951871657754011,0.11229946524064172,0.08021390374331551,0.3689839572192513,0.23170731707317074
chey_152,Le_Cheylas,2021-07-05,0.07920792079207921,0.13861386138613865,0.04950495049504951,0.18811881188118812,0.10891089108910892,0.1485148514851485,0.2376237623762376,0.0763888888888889
chey_153,Le_Cheylas,2021-07-02,0,0,0,0,0,0,0,NA
chey_154,Le_Cheylas,2021-07-28,0,0.6666666666666666,0,0,0,0,0.3333333333333333,0.1728395061728395
chey_155,Le_Cheylas,2021-08-25,0.09090909090909093,0.18181818181818185,0.04545454545454545,0.18181818181818185,0.13636363636363635,0,0.3181818181818182,0.16470588235294117
chey_156,Le_Cheylas,2020-12-31,0.0641025641025641,0.2692307692307692,0.03846153846153846,0.1282051282051282,0.19230769230769232,0.05128205128205128,0.16666666666666666,0.0794392523364486
chey_157,Le_Cheylas,2021-01-14,0,0,0,0,0,0,0,NA
chey_158,Le_Cheylas,2021-01-19,0.02222222222222222,0.3333333333333333,0.01111111111111111,0.06666666666666667,0.2111111111111111,0.03333333333333333,0.2111111111111111,0.17692307692307693
chey_159,Le_Cheylas,2024-07-01,0.1,0.1,0,0,0,0.1,0.7,0.15
chey_160,Le_Cheylas,2024-05-13,0.01694915254237288,0.3220338983050847,0.03389830508474576,0.11864406779661016,0.11864406779661016,0.11864406779661016,0.1864406779661017,0.13347921225382933
chey_161,Le_Cheylas,2022-07-06,0.08771929824561403,0.2719298245614035,0.09649122807017543,0.14912280701754385,0.07017543859649122,0.12280701754385964,0.17543859649122806,0.15081967213114755
chey_162,Le_Cheylas,2024-05-06,0,0,0,0,0,0,0,NA
chey_163,Le_Cheylas,2022-05-04,0.07352941176470588,0.22058823529411764,0.04411764705882353,0.125,0.14705882352941177,0.1176470588235294,0.2352941176470588,0.15557476231633535
chey_164,Le_Cheylas,2022-08-15,0.09090909090909093,0.09090909090909093,0,0,0,0.09090909090909093,0.7272727272727273,0.18269230769230768
chey_165,Le_Cheylas,2022-08-17,0.14444444444444443,0.23333333333333336,0.01111111111111111,0.16666666666666666,0.08888888888888889,0.1,0.18888888888888888,0.12683823529411764
chey_166,Le_Cheylas,2022-08-19,0.05769230769230769,0.38461538461538464,0.01923076923076923,0.15384615384615383,0.05769230769230769,0.01923076923076923,0.3076923076923077,0.17929292929292928
chey_167,Le_Cheylas,2022-09-05,0.05263157894736842,0.40789473684210525,0.02631578947368421,0.0131578947368421,0.11842105263157894,0.03947368421052631,0.2631578947368421,0.14545454545454545
chey_168,Le_Cheylas,2022-10-07,0,0,0,0,0,0,0,NA
chey_169,Le_Cheylas,2022-10-09,0.05555555555555555,0.3333333333333333,0,0,0.2222222222222222,0.1111111111111111,0.2777777777777778,0.17692307692307693
chey_170,Le_Cheylas,2024-04-12,0,0.0625,0.125,0.1875,0,0.125,0.5,0.15976331360946747
chey_171,Le_Cheylas,2024-04-11,0,0.09090909090909093,0.09090909090909093,0.24242424242424243,0.06060606060606061,0.12121212121212122,0.3333333333333333,0.15137614678899083
chey_172,Le_Cheylas,2024-04-08,0.04166666666666666,0.125,0.125,0.16666666666666666,0.125,0.08333333333333333,0.25,0.17834394904458598
chey_173,Le_Cheylas,2024-03-26,0,0.1,0.05,0.1,0.05,0.1,0.6,0.1350210970464135
chey_174,Le_Cheylas,2024-03-11,0.03636363636363636,0.19545454545454544,0.02727272727272727,0.08636363636363636,0.2272727272727273,0.04545454545454545,0.2818181818181818,0.14532374100719425
chey_175,Le_Cheylas,2023-01-07,0.0425531914893617,0.2765957446808511,0,0.05319148936170213,0.07446808510638298,0.02127659574468085,0.5212765957446809,0.2503311258278146
chey_176,Le_Cheylas,2023-01-09,0.1125,0.1125,0.11875,0.1375,0.14375,0.10625,0.2125,0.11139240506329114
chey_177,Le_Cheylas,2023-01-11,0.01587301587301587,0.31746031746031744,0.07936507936507936,0.15873015873015872,0.12698412698412698,0.03174603174603174,0.2063492063492063,0.11851851851851852
chey_178,Le_Cheylas,2023-01-24,0.125,0.3333333333333333,0.04166666666666666,0.08333333333333333,0.04166666666666666,0.08333333333333333,0.2916666666666667,0.10810810810810811
chey_179,Le_Cheylas,2023-02-15,0.22916666666666663,0.3541666666666667,0.04166666666666666,0.14583333333333334,0.0625,0.04166666666666666,0.10416666666666669,0.09364548494983277
chey_180,Le_Cheylas,2023-02-15,0.12307692307692308,0.18461538461538465,0.06153846153846154,0.18461538461538465,0.12307692307692308,0.03076923076923077,0.2923076923076923,0.10653753026634383
chey_181,Le_Cheylas,2023-02-15,0.13183279742765272,0.1832797427652733,0.05144694533762058,0.1414790996784566,0.06752411575562701,0.11254019292604502,0.2604501607717042,0.13905133203378817
chey_182,Le_Cheylas,2023-02-15,0.11650485436893204,0.3106796116504854,0.03883495145631067,0.14563106796116504,0.08737864077669903,0.08737864077669903,0.18446601941747573,0.10289855072463767
chey_183,Le_Cheylas,2023-02-16,0.0975609756097561,0.17073170731707318,0.05691056910569105,0.08943089430894309,0.0975609756097561,0.13008130081300814,0.2926829268292683,0.10038610038610038
chey_184,Le_Cheylas,2023-02-16,0.13157894736842105,0.17543859649122806,0.04385964912280701,0.09649122807017543,0.13157894736842105,0.11403508771929824,0.23684210526315788,0.0705244122965642
chey_185,Le_Cheylas,2023-02-16,0.1623931623931624,0.19658119658119655,0.03418803418803419,0.1111111111111111,0.10256410256410256,0.1111111111111111,0.20512820512820512,0.11278195488721804
chey_186,Le_Cheylas,2023-02-16,0.1565217391304348,0.19130434782608696,0.03478260869565217,0.1217391304347826,0.11304347826086956,0.08695652173913043,0.20869565217391303,0.11671087533156499
chey_187,Le_Cheylas,2023-02-16,0,0,0,0,0,0,0,NA
chey_188,Le_Cheylas,2023-02-16,0.06521739130434782,0.08695652173913043,0,0.13043478260869565,0.10869565217391304,0.13043478260869565,0.3695652173913043,0.13191489361702127
chey_189,Le_Cheylas,2023-02-16,0.15151515151515152,0.4545454545454546,0.0303030303030303,0.12121212121212122,0.06060606060606061,0,0.18181818181818185,0.11301369863013698
chey_190,Le_Cheylas,2023-02-16,0.06521739130434782,0.10869565217391304,0,0.13043478260869565,0.10869565217391304,0.13043478260869565,0.34782608695652173,0.1271186440677966
chey_191,Le_Cheylas,2023-02-16,0.18181818181818185,0.42424242424242425,0.0303030303030303,0.18181818181818185,0.0303030303030303,0.0303030303030303,0.12121212121212122,0.09897610921501707
chey_192,Le_Cheylas,2023-02-16,0.04129793510324484,0.16224188790560473,0.01474926253687315,0.112094395280236,0.16224188790560473,0.168141592920354,0.23893805309734512,0.0992
chey_193,Le_Cheylas,2023-02-16,0.06521739130434782,0.10869565217391304,0,0.13043478260869565,0.10869565217391304,0.13043478260869565,0.34782608695652173,0.1271186440677966
chey_194,Le_Cheylas,2023-02-16,0.10588235294117648,0.3058823529411765,0.03529411764705882,0.10588235294117648,0.08235294117647059,0.09411764705882351,0.2235294117647059,0.12754158964879853
chey_195,Le_Cheylas,2023-02-16,0.06521739130434782,0.10869565217391304,0,0.13043478260869565,0.10869565217391304,0.13043478260869565,0.34782608695652173,0.1271186440677966
chey_196,Le_Cheylas,2023-02-16,0,0,0,0,0,0,0,NA
chey_197,Le_Cheylas,2023-02-16,0.14634146341463414,0.2682926829268293,0.04878048780487805,0.1951219512195122,0.04878048780487805,0.04878048780487805,0.2195121951219512,0.11428571428571428
chey_198,Le_Cheylas,2023-02-16,0.06521739130434782,0.10869565217391304,0,0.13043478260869565,0.10869565217391304,0.13043478260869565,0.34782608695652173,0.1271186440677966
chey_199,Le_Cheylas,2023-02-16,0.06521739130434782,0.08695652173913043,0,0.13043478260869565,0.10869565217391304,0.13043478260869565,0.3695652173913043,0.13191489361702127
chey_200,Le_Cheylas,2023-02-16,0.15151515151515152,0.4545454545454546,0.0303030303030303,0.12121212121212122,0.06060606060606061,0,0.18181818181818185,0.11301369863013698
chey_201,Le_Cheylas,2023-02-16,0.125,0.203125,0.03125,0.1171875,0.1015625,0.125,0.21875,0.11728395061728394
chey_202,Le_Cheylas,2023-02-16,0.04129793510324484,0.16224188790560473,0.01474926253687315,0.112094395280236,0.16224188790560473,0.168141592920354,0.23893805309734512,0.0992
chey_203,Le_Cheylas,2023-02-16,0.16129032258064516,0.41935483870967744,0.03225806451612903,0.12903225806451613,0.06451612903225806,0,0.16129032258064516,0.08300395256916997
chey_204,Le_Cheylas,2023-02-16,0,0,0,0,0,0,0,NA
chey_205,Le_Cheylas,2023-02-16,0.12698412698412698,0.25396825396825395,0.06349206349206349,0.1746031746031746,0.1111111111111111,0.07936507936507936,0.1746031746031746,0.12556053811659193
chey_206,Le_Cheylas,2023-02-16,0.06521739130434782,0.10869565217391304,0,0.13043478260869565,0.10869565217391304,0.13043478260869565,0.34782608695652173,0.1271186440677966
chey_207,Le_Cheylas,2023-02-16,0.06521739130434782,0.10869565217391304,0,0.13043478260869565,0.10869565217391304,0.13043478260869565,0.34782608695652173,0.1271186440677966
chey_208,Le_Cheylas,2023-02-16,0.06521739130434782,0.10869565217391304,0,0.13043478260869565,0.10869565217391304,0.13043478260869565,0.34782608695652173,0.1271186440677966
chey_209,Le_Cheylas,2023-02-15,0,0,0,0,0,0,0,NA
chey_210,Le_Cheylas,2023-02-16,0.1724137931034483,0.3793103448275862,0.03448275862068965,0.20689655172413793,0.03448275862068965,0.03448275862068965,0.13793103448275862,0.10714285714285714
chey_211,Le_Cheylas,2023-02-16,0.144,0.192,0.032,0.104,0.104,0.128,0.224,0.10722100656455143
chey_212,Le_Cheylas,2023-02-16,0.1487603305785124,0.1900826446280992,0.03305785123966942,0.11570247933884298,0.09917355371900828,0.10743801652892562,0.21487603305785125,0.1044776119402985
chey_213,Le_Cheylas,2023-02-16,0.06521739130434782,0.08695652173913043,0,0.13043478260869565,0.10869565217391304,0.13043478260869565,0.3695652173913043,0.13191489361702127
chey_214,Le_Cheylas,2023-02-16,0.06521739130434782,0.08695652173913043,0,0.13043478260869565,0.10869565217391304,0.13043478260869565,0.3695652173913043,0.13191489361702127
chey_215,Le_Cheylas,2023-02-16,0.04545454545454545,0.16363636363636364,0.01515151515151515,0.11818181818181818,0.1484848484848485,0.1787878787878788,0.22424242424242424,0.08985024958402663
chey_216,Le_Cheylas,2023-02-16,0.04129793510324484,0.16224188790560473,0.01474926253687315,0.112094395280236,0.16224188790560473,0.168141592920354,0.23893805309734512,0.0992
chey_217,Le_Cheylas,2023-02-16,0.2,0.4,0,0,0,0,0.4,-0.029411764705882353
chey_218,Le_Cheylas,2023-02-16,0.24675324675324675,0.24675324675324675,0.02597402597402597,0.16883116883116883,0.06493506493506493,0.1038961038961039,0.14285714285714285,0.0881057268722467
chey_219,Le_Cheylas,2023-02-22,0.03773584905660377,0.18867924528301888,0.05660377358490566,0.03773584905660377,0.1509433962264151,0.03773584905660377,0.4528301886792453,0.11581291759465479
chey_220,Le_Cheylas,2023-03-14,0.05555555555555555,0.2222222222222222,0,0.3333333333333333,0.05555555555555555,0.2222222222222222,0.05555555555555555,0.15808823529411764
chey_221,Le_Cheylas,2023-03-15,0.07665505226480836,0.1672473867595819,0.0627177700348432,0.13240418118466898,0.13588850174216027,0.07665505226480836,0.289198606271777,0.12490815576781777
chey_222,Le_Cheylas,2023-03-19,0.20408163265306123,0.1020408163265306,0.08163265306122448,0.12244897959183672,0.08163265306122448,0.12244897959183672,0.16326530612244897,0.08016877637130802
chey_223,Le_Cheylas,2023-04-10,0.2,0.3333333333333333,0.06666666666666667,0.2,0,0,0.2,0.14953271028037382
chey_224,Le_Cheylas,2023-04-13,0.15384615384615383,0.1794871794871795,0,0.05128205128205128,0.1282051282051282,0.02564102564102564,0.4358974358974359,0.13405797101449277
chey_225,Le_Cheylas,2023-04-17,0.13333333333333333,0.13333333333333333,0.06666666666666667,0.06666666666666667,0,0.13333333333333333,0.4666666666666667,0.14563106796116504
chey_226,Le_Cheylas,2023-05-05,0.0588235294117647,0.1568627450980392,0.0588235294117647,0.21568627450980393,0.0784313725490196,0.13725490196078433,0.19607843137254904,0.13836477987421383
chey_227,Le_Cheylas,2023-05-18,0.02222222222222222,0.15555555555555556,0.1111111111111111,0.2,0.08888888888888889,0.2,0.2222222222222222,0.16727272727272727
chey_228,Le_Cheylas,2023-05-25,0.01442307692307692,0.2692307692307692,0.00961538461538461,0.04326923076923077,0.17307692307692307,0.0048076923076923,0.3557692307692308,0.14918032786885246
chey_229,Le_Cheylas,2023-06-26,0.0588235294117647,0.17647058823529413,0.02941176470588235,0.1176470588235294,0.08823529411764706,0,0.4117647058823529,0.16
chey_230,Le_Cheylas,2023-06-26,0.0588235294117647,0.17647058823529413,0.0588235294117647,0.14705882352941177,0.0588235294117647,0,0.38235294117647056,0.1307901907356948
chey_231,Le_Cheylas,2023-06-27,0.06818181818181818,0.2727272727272727,0.04545454545454545,0.09090909090909093,0.11363636363636365,0.04545454545454545,0.3409090909090909,0.19899244332493704
chey_232,Le_Cheylas,2023-07-20,0.10824742268041238,0.17525773195876287,0.06701030927835051,0.14948453608247422,0.12886597938144329,0.1134020618556701,0.211340206185567,0.17531120331950206
chey_233,Le_Cheylas,2023-07-22,0.07142857142857142,0.07142857142857142,0,0.07142857142857142,0.14285714285714285,0,0.6428571428571429,0.13978494623655913
chey_234,Le_Cheylas,2024-02-22,0.03157894736842105,0.18947368421052632,0.03157894736842105,0.05263157894736842,0.22105263157894736,0.05263157894736842,0.3473684210526316,0.155902004454343
chey_235,Le_Cheylas,2023-08-04,0,0.2857142857142857,0,0.14285714285714285,0.14285714285714285,0,0.2857142857142857,0.109375
chey_236,Le_Cheylas,2023-08-10,0.04901960784313725,0.2352941176470588,0.0196078431372549,0.13725490196078433,0.0784313725490196,0.18627450980392157,0.2352941176470588,0.14401440144014402
chey_237,Le_Cheylas,2023-08-29,0.0916030534351145,0.26717557251908397,0.03816793893129771,0.09923664122137404,0.19083969465648856,0.06106870229007633,0.1297709923664122,0.14634146341463414
chey_238,Le_Cheylas,2023-11-20,0.0238095238095238,0.1904761904761905,0.09523809523809525,0.0238095238095238,0.1904761904761905,0.09523809523809525,0.35714285714285715,0.09973753280839895
chey_239,Le_Cheylas,2023-12-11,0.05084745762711865,0.2033898305084746,0.0847457627118644,0.03389830508474576,0.1694915254237288,0.1016949152542373,0.3220338983050847,0.11967545638945233
chey_240,Le_Cheylas,2023-11-14,0.05797101449275362,0.24057971014492752,0.04347826086956521,0.22028985507246376,0.07246376811594203,0.07536231884057971,0.25217391304347825,0.12111692844677138
chey_241,Le_Cheylas,NA,0.10526315789473684,0.34210526315789475,0.05263157894736842,0.13157894736842105,0.07894736842105263,0.07894736842105263,0.15789473684210523,0.07035175879396985
chey_242,Le_Cheylas,NA,0.06451612903225806,0.3225806451612903,0.03225806451612903,0.1935483870967742,0.03225806451612903,0.0967741935483871,0.2258064516129032,0.10714285714285714
chey_243,Le_Cheylas,NA,0.125,0.3409090909090909,0.04545454545454545,0.125,0.09090909090909093,0.06818181818181818,0.17045454545454544,0.09551656920077972
chey_244,Le_Cheylas,NA,0.2,0.2857142857142857,0.11428571428571428,0.2,0.02857142857142857,0.11428571428571428,0.05714285714285714,0.07441860465116279
chey_245,Le_Cheylas,NA,0.1021194605009634,0.18497109826589592,0.03275529865125241,0.12716763005780346,0.10404624277456648,0.1117533718689788,0.2909441233140655,0.10770893371757925
chey_246,Le_Cheylas,NA,0.3333333333333333,0.25,0.08333333333333333,0.16666666666666666,0.08333333333333333,0,0.08333333333333333,0.08737864077669903
chey_247,Le_Cheylas,NA,0.0851063829787234,0.0851063829787234,0.0425531914893617,0.1702127659574468,0.10638297872340426,0.1702127659574468,0.2978723404255319,0.1012396694214876
chey_248,Le_Cheylas,NA,0.25,0.3333333333333333,0.04166666666666666,0.20833333333333337,0.04166666666666666,0.04166666666666666,0.08333333333333333,0.11764705882352941
chey_249,Le_Cheylas,NA,0,0.28888888888888886,0,0.02222222222222222,0.17777777777777778,0,0.4222222222222222,0.1471698113207547
chey_250,Le_Cheylas,NA,0.06666666666666667,0.4,0,0.13333333333333333,0.1,0.1,0.16666666666666666,0.09027777777777778
chey_251,Le_Cheylas,NA,0.03191489361702127,0.2553191489361702,0,0.11702127659574468,0.0851063829787234,0.05319148936170213,0.40425531914893614,0.13966480446927373
chey_252,Le_Cheylas,NA,0.10231660231660232,0.1833976833976834,0.03281853281853281,0.1274131274131274,0.10424710424710423,0.11196911196911195,0.2915057915057915,0.10770893371757925
chey_253,Le_Cheylas,NA,0,0.13333333333333333,0.04444444444444444,0.35555555555555557,0,0.13333333333333333,0.24444444444444444,0.10077519379844961
chey_254,Le_Cheylas,NA,0.09523809523809525,0.47619047619047616,0,0.14285714285714285,0.04761904761904761,0.14285714285714285,0.09523809523809525,0.11
chey_255,Le_Cheylas,NA,0.3333333333333333,0.25,0.08333333333333333,0.16666666666666666,0.08333333333333333,0,0.08333333333333333,0.08737864077669903
chey_256,Le_Cheylas,NA,0.16129032258064516,0.41935483870967744,0.03225806451612903,0.12903225806451613,0.06451612903225806,0,0.16129032258064516,0.08300395256916997
chey_257,Le_Cheylas,NA,0.0425531914893617,0.1914893617021277,0,0.10638297872340426,0.14893617021276595,0.2978723404255319,0.10638297872340426,0.09868421052631579
chey_258,Le_Cheylas,NA,0.0392156862745098,0.2352941176470588,0.02941176470588235,0.04901960784313725,0.2549019607843137,0.06862745098039216,0.17647058823529413,0.15532286212914484
chey_259,Le_Cheylas,NA,0.11428571428571428,0.42857142857142855,0,0.11428571428571428,0.11428571428571428,0.05714285714285714,0.14285714285714285,0.08247422680412371
chey_260,Le_Cheylas,NA,0.15151515151515152,0.3787878787878788,0.0303030303030303,0.10606060606060606,0.10606060606060606,0.04545454545454545,0.16666666666666666,0.10412147505422993
chey_261,Le_Cheylas,NA,0.10632183908045977,0.1925287356321839,0.03448275862068965,0.11206896551724138,0.11781609195402298,0.08333333333333333,0.2988505747126437,0.09693877551020408
chey_262,Le_Cheylas,NA,0.03333333333333333,0.3,0.06666666666666667,0,0.2,0.03333333333333333,0.36666666666666664,0.1553030303030303
chey_263,Le_Cheylas,NA,0.05454545454545454,0.2727272727272727,0.03636363636363636,0.09090909090909093,0.2545454545454545,0.01818181818181818,0.2727272727272727,0.12467532467532468
chey_264,Le_Cheylas,NA,0.04347826086956521,0.21739130434782608,0.02898550724637681,0.13043478260869565,0.08695652173913043,0.04347826086956521,0.36231884057971014,0.11934156378600823
chey_265,Le_Cheylas,NA,0.07894736842105263,0.24561403508771928,0.08771929824561403,0.14035087719298245,0.11403508771929824,0.12280701754385964,0.15789473684210523,0.11049723756906077
chey_266,Le_Cheylas,NA,0.01694915254237288,0.3220338983050847,0.03389830508474576,0.11864406779661016,0.11864406779661016,0.11864406779661016,0.1864406779661017,0.13347921225382933
chey_267,Le_Cheylas,NA,0.15384615384615383,0.1794871794871795,0,0.20512820512820512,0.07692307692307693,0.05128205128205128,0.28205128205128205,0.09510869565217392
chey_268,Le_Cheylas,NA,0,0.23404255319148937,0,0.0425531914893617,0.1914893617021277,0.0425531914893617,0.3617021276595745,0.14622641509433962
chey_269,Le_Cheylas,NA,0.21739130434782608,0.08695652173913043,0.08695652173913043,0.13043478260869565,0.06521739130434782,0.13043478260869565,0.15217391304347827,0.07391304347826087
chey_270,Le_Cheylas,NA,0.10344827586206896,0.2413793103448276,0,0.22413793103448276,0.06896551724137931,0.06896551724137931,0.2413793103448276,0.06761565836298933
chey_271,Le_Cheylas,NA,0.15384615384615383,0.26153846153846155,0.09230769230769233,0.16923076923076924,0.09230769230769233,0.04615384615384615,0.16923076923076924,0.10961968680089486
chey_272,Le_Cheylas,NA,0.18181818181818185,0.3181818181818182,0,0.2272727272727273,0.09090909090909093,0.04545454545454545,0.09090909090909093,0.037815126050420166
chey_273,Le_Cheylas,NA,0.05714285714285714,0.37142857142857144,0,0.14285714285714285,0.11428571428571428,0.08571428571428572,0.14285714285714285,0.06349206349206349
chey_274,Le_Cheylas,NA,0.03773584905660377,0.18867924528301888,0.05660377358490566,0.03773584905660377,0.1509433962264151,0.03773584905660377,0.4528301886792453,0.11581291759465479
chey_275,Le_Cheylas,NA,0.14634146341463414,0.2682926829268293,0.04878048780487805,0.1951219512195122,0.04878048780487805,0.04878048780487805,0.2195121951219512,0.11428571428571428
chey_276,Le_Cheylas,NA,0.13725490196078433,0.2549019607843137,0,0.2549019607843137,0.0588235294117647,0.0588235294117647,0.2058823529411765,0.08571428571428572
chey_277,Le_Cheylas,NA,0.07407407407407407,0.25925925925925924,0,0.16666666666666666,0.12962962962962962,0.05555555555555555,0.18518518518518515,0.07719298245614035
chey_278,Le_Cheylas,NA,0.375,0.125,0.125,0.125,0.125,0,0.125,0.06818181818181818
chey_279,Le_Cheylas,NA,0.075,0.275,0.1,0.25,0.05,0.125,0.05,0.13870246085011187
chey_280,Le_Cheylas,2024-06-25,0.0238095238095238,0.30952380952380953,0.0238095238095238,0,0.16666666666666666,0.11904761904761904,0.30952380952380953,0.15015015015015015
chey_281,Le_Cheylas,2025-03-17,0.06666666666666667,0.26666666666666666,0,0.06666666666666667,0.06666666666666667,0.06666666666666667,0.4666666666666667,0.05945945945945946
chey_282,Le_Cheylas,2025-03-30,0.08333333333333333,0.13333333333333333,0.08333333333333333,0.2,0.06666666666666667,0.18333333333333332,0.21666666666666667,0.12427745664739884
chey_283,Le_Cheylas,2023-03-14,0.07692307692307693,0.2307692307692308,0,0.38461538461538464,0,0.2307692307692308,0,0.16299559471365638
chey_284,Le_Cheylas,2024-09-30,0.03614457831325301,0.24096385542168677,0.02409638554216867,0.1566265060240964,0.06024096385542168,0.1686746987951807,0.26506024096385544,0.16974169741697417
chey_285,Le_Cheylas,2025-03-20,0,0.5128205128205128,0,0,0.10256410256410256,0,0.3076923076923077,0.17659574468085107
chey_286,Le_Cheylas,2024-09-30,0.02,0.22,0.06,0.1,0.14,0.1,0.3,0.14342629482071714
chey_287,Le_Cheylas,2024-09-30,0.06779661016949153,0.2288135593220339,0.05084745762711865,0.17796610169491525,0.11016949152542373,0.1864406779661017,0.15254237288135594,0.1526001705029838
chey_288,Le_Cheylas,2024-04-09,0.05263157894736842,0.21052631578947367,0,0.21052631578947367,0.05263157894736842,0.15789473684210523,0.2631578947368421,0.13966480446927373
chey_289,Le_Cheylas,2024-08-25,0,0.25,0,0.25,0,0.25,0,0.13793103448275862
chey_290,Le_Cheylas,2023-03-15,0.3125,0.3125,0,0.1875,0.0625,0,0.125,0.15384615384615385
chey_291,Le_Cheylas,2023-08-23,0,0.42857142857142855,0,0,0.14285714285714285,0,0.42857142857142855,0.2037037037037037
chey_292,Le_Cheylas,2024-10-18,0.03636363636363636,0.21818181818181817,0.03636363636363636,0.01818181818181818,0.2,0.01818181818181818,0.43636363636363634,0.15319148936170213
chey_294,Le_Cheylas,2024-10-11,0.05714285714285714,0.2571428571428571,0.05714285714285714,0.14285714285714285,0.05714285714285714,0.11428571428571428,0.2857142857142857,0.1311881188118812
chey_295,Le_Cheylas,2025-03-19,0.10526315789473684,0.21052631578947367,0,0.07894736842105263,0.15789473684210523,0.02631578947368421,0.2894736842105263,0.09230769230769231
chey_296,Le_Cheylas,2024-09-14,0.0588235294117647,0.4117647058823529,0,0.0588235294117647,0.1176470588235294,0.1176470588235294,0.17647058823529413,0.1702127659574468
chey_297,Le_Cheylas,2025-07-11,0.04651162790697674,0.2558139534883721,0.04651162790697674,0.11627906976744186,0.04651162790697674,0.11627906976744186,0.32558139534883723,0.15752212389380532
chey_298,Le_Cheylas,2025-06-13,0.08333333333333333,0.2777777777777778,0.02777777777777777,0.05555555555555555,0.1111111111111111,0.02777777777777777,0.3333333333333333,0.1634980988593156
chey_299,Le_Cheylas,NA,0,0,0,0,0,0,0,NA
